original_name,renamed_name
000000000.jpg,0001.jpg
000000001.jpg,0002.jpg
000000002.jpg,0003.jpg
000000003.jpg,0004.jpg
000000004.jpg,0005.jpg
000000005.jpg,0006.jpg
000000008.jpg,0007.jpg
000000009.jpg,0008.jpg
000000010.jpg,0009.jpg
000000011.jpg,0010.jpg
000000012.jpg,0011.jpg
000000013.jpg,0012.jpg
000000014.jpg,0013.jpg
000000016.jpg,0014.jpg
000000018.jpg,0015.jpg
000000019.jpg,0016.jpg
000000021.jpg,0017.jpg
000000023.jpg,0018.jpg
000000026.jpg,0019.jpg
000000030.jpg,0020.jpg
000000031.jpg,0021.jpg
000000032.jpg,0022.jpg
000000033.jpg,0023.jpg
000000034.jpg,0024.jpg
000000035.jpg,0025.jpg
000000036.jpg,0026.jpg
000000037.jpg,0027.jpg
000000038.jpg,0028.jpg
000000039.jpg,0029.jpg
000000041.jpg,0030.jpg
000000042.jpg,0031.jpg
000000043.jpg,0032.jpg
000000044.jpg,0033.jpg
000000045.jpg,0034.jpg
000000047.jpg,0035.jpg
000000048.jpg,0036.jpg
000000049.jpg,0037.jpg
000000051.jpg,0038.jpg
000000052.jpg,0039.jpg
000000053.jpg,0040.jpg
000000054.jpg,0041.jpg
000000056.jpg,0042.jpg
000000058.jpg,0043.jpg
000000060.jpg,0044.jpg
000000061.jpg,0045.jpg
000000063.jpg,0046.jpg
000000065.jpg,0047.jpg
000000069.jpg,0048.jpg
000000070.jpg,0049.jpg
000000073.jpg,0050.jpg
000000075.jpg,0051.jpg
000000076.jpg,0052.jpg
000000077.jpg,0053.jpg
000000078.jpg,0054.jpg
000000079.jpg,0055.jpg
000000080.jpg,0056.jpg
000000081.jpg,0057.jpg
000000082.jpg,0058.jpg
000000083.jpg,0059.jpg
000000084.jpg,0060.jpg
000000085.jpg,0061.jpg
000000086.jpg,0062.jpg
000000087.jpg,0063.jpg
000000089.jpg,0064.jpg
000000091.jpg,0065.jpg
000000092.jpg,0066.jpg
000000093.jpg,0067.jpg
000000097.jpg,0068.jpg
000000100.jpg,0069.jpg
000000101.jpg,0070.jpg
000000102.jpg,0071.jpg
000000103.jpg,0072.jpg
000000104.jpg,0073.jpg
000000106.jpg,0074.jpg
000000108.jpg,0075.jpg
000000109.jpg,0076.jpg
000000110.jpg,0077.jpg
000000114.jpg,0078.jpg
000000116.jpg,0079.jpg
000000117.jpg,0080.jpg
000000118.jpg,0081.jpg
000000120.jpg,0082.jpg
000000121.jpg,0083.jpg
000000122.jpg,0084.jpg
000000123.jpg,0085.jpg
000000125.jpg,0086.jpg
000000126.jpg,0087.jpg
000000132.jpg,0088.jpg
000000134.jpg,0089.jpg
000000135.jpg,0090.jpg
000000136.jpg,0091.jpg
000000137.jpg,0092.jpg
000000138.jpg,0093.jpg
000000139.jpg,0094.jpg
000000140.jpg,0095.jpg
000000141.jpg,0096.jpg
000000143.jpg,0097.jpg
000000144.jpg,0098.jpg
000000145.jpg,0099.jpg
000000148.jpg,0100.jpg
000000150.jpg,0101.jpg
000000151.jpg,0102.jpg
000000152.jpg,0103.jpg
000000153.jpg,0104.jpg
000000154.jpg,0105.jpg
000000155.jpg,0106.jpg
000000156.jpg,0107.jpg
000000157.jpg,0108.jpg
000000159.jpg,0109.jpg
000000161.jpg,0110.jpg
000000162.jpg,0111.jpg
000000165.jpg,0112.jpg
000000166.jpg,0113.jpg
000000167.jpg,0114.jpg
000000169.jpg,0115.jpg
000000171.jpg,0116.jpg
000000173.jpg,0117.jpg
000000174.jpg,0118.jpg
000000175.jpg,0119.jpg
000000178.jpg,0120.jpg
000000180.jpg,0121.jpg
000000181.jpg,0122.jpg
000000182.jpg,0123.jpg
000000183.jpg,0124.jpg
000000184.jpg,0125.jpg
000000187.jpg,0126.jpg
000000188.jpg,0127.jpg
000000191.jpg,0128.jpg
000000193.jpg,0129.jpg
000000194.jpg,0130.jpg
000000197.jpg,0131.jpg
000000199.jpg,0132.jpg
000000200.jpg,0133.jpg
000000202.jpg,0134.jpg
000000203.jpg,0135.jpg
000000204.jpg,0136.jpg
000000205.jpg,0137.jpg
000000206.jpg,0138.jpg
000000207.jpg,0139.jpg
000000208.jpg,0140.jpg
000000209.jpg,0141.jpg
000000213.jpg,0142.jpg
000000215.jpg,0143.jpg
000000216.jpg,0144.jpg
000000219.jpg,0145.jpg
000000221.jpg,0146.jpg
000000222.jpg,0147.jpg
000000223.jpg,0148.jpg
000000224.jpg,0149.jpg
000000227.jpg,0150.jpg
000000229.jpg,0151.jpg
000000230.jpg,0152.jpg
000000231.jpg,0153.jpg
000000232.jpg,0154.jpg
000000234.jpg,0155.jpg
000000237.jpg,0156.jpg
000000239.jpg,0157.jpg
000000240.jpg,0158.jpg
000000241.jpg,0159.jpg
000000242.jpg,0160.jpg
000000243.jpg,0161.jpg
000000244.jpg,0162.jpg
000000245.jpg,0163.jpg
000000246.jpg,0164.jpg
000000248.jpg,0165.jpg
000000251.jpg,0166.jpg
000000252.jpg,0167.jpg
000000253.jpg,0168.jpg
000000254.jpg,0169.jpg
000000255.jpg,0170.jpg
000000256.jpg,0171.jpg
000000257.jpg,0172.jpg
000000258.jpg,0173.jpg
000000259.jpg,0174.jpg
000000260.jpg,0175.jpg
000000261.jpg,0176.jpg
000000263.jpg,0177.jpg
000000265.jpg,0178.jpg
000000267.jpg,0179.jpg
000000270.jpg,0180.jpg
000000272.jpg,0181.jpg
000000273.jpg,0182.jpg
000000275.jpg,0183.jpg
000000276.jpg,0184.jpg
000000277.jpg,0185.jpg
000000278.jpg,0186.jpg
000000279.jpg,0187.jpg
000000280.jpg,0188.jpg
000000281.jpg,0189.jpg
000000282.jpg,0190.jpg
000000283.jpg,0191.jpg
000000286.jpg,0192.jpg
000000287.jpg,0193.jpg
000000288.jpg,0194.jpg
000000292.jpg,0195.jpg
000000293.jpg,0196.jpg
000000294.jpg,0197.jpg
000000295.jpg,0198.jpg
000000296.jpg,0199.jpg
000000301.jpg,0200.jpg
000000302.jpg,0201.jpg
000000304.jpg,0202.jpg
000000306.jpg,0203.jpg
000000309.jpg,0204.jpg
000000312.jpg,0205.jpg
000000314.jpg,0206.jpg
000000315.jpg,0207.jpg
000000316.jpg,0208.jpg
000000317.jpg,0209.jpg
000000319.jpg,0210.jpg
000000320.jpg,0211.jpg
000000322.jpg,0212.jpg
000000323.jpg,0213.jpg
000000324.jpg,0214.jpg
000000325.jpg,0215.jpg
000000326.jpg,0216.jpg
000000328.jpg,0217.jpg
000000330.jpg,0218.jpg
000000332.jpg,0219.jpg
000000334.jpg,0220.jpg
000000335.jpg,0221.jpg
000000337.jpg,0222.jpg
000000339.jpg,0223.jpg
000000341.jpg,0224.jpg
000000342.jpg,0225.jpg
000000344.jpg,0226.jpg
000000345.jpg,0227.jpg
000000346.jpg,0228.jpg
000000347.jpg,0229.jpg
000000348.jpg,0230.jpg
000000349.jpg,0231.jpg
000000350.jpg,0232.jpg
000000352.jpg,0233.jpg
000000354.jpg,0234.jpg
000000355.jpg,0235.jpg
000000356.jpg,0236.jpg
000000357.jpg,0237.jpg
000000359.jpg,0238.jpg
000000361.jpg,0239.jpg
000000362.jpg,0240.jpg
000000363.jpg,0241.jpg
000000364.jpg,0242.jpg
000000367.jpg,0243.jpg
000000368.jpg,0244.jpg
000000369.jpg,0245.jpg
000000371.jpg,0246.jpg
000000372.jpg,0247.jpg
000000373.jpg,0248.jpg
000000374.jpg,0249.jpg
000000376.jpg,0250.jpg
000000377.jpg,0251.jpg
000000378.jpg,0252.jpg
000000380.jpg,0253.jpg
000000382.jpg,0254.jpg
000000383.jpg,0255.jpg
000000384.jpg,0256.jpg
000000386.jpg,0257.jpg
000000388.jpg,0258.jpg
000000389.jpg,0259.jpg
000000390.jpg,0260.jpg
000000391.jpg,0261.jpg
000000392.jpg,0262.jpg
000000393.jpg,0263.jpg
000000394.jpg,0264.jpg
000000396.jpg,0265.jpg
000000397.jpg,0266.jpg
000000398.jpg,0267.jpg
000000400.jpg,0268.jpg
000000401.jpg,0269.jpg
000000403.jpg,0270.jpg
000000404.jpg,0271.jpg
000000406.jpg,0272.jpg
000000407.jpg,0273.jpg
000000408.jpg,0274.jpg
000000409.jpg,0275.jpg
000000410.jpg,0276.jpg
000000411.jpg,0277.jpg
000000413.jpg,0278.jpg
000000415.jpg,0279.jpg
000000416.jpg,0280.jpg
000000417.jpg,0281.jpg
000000419.jpg,0282.jpg
000000422.jpg,0283.jpg
000000423.jpg,0284.jpg
000000425.jpg,0285.jpg
000000426.jpg,0286.jpg
000000427.jpg,0287.jpg
000000428.jpg,0288.jpg
000000431.jpg,0289.jpg
000000432.jpg,0290.jpg
000000433.jpg,0291.jpg
000000434.jpg,0292.jpg
000000435.jpg,0293.jpg
000000438.jpg,0294.jpg
000000442.jpg,0295.jpg
000000447.jpg,0296.jpg
000000448.jpg,0297.jpg
000000449.jpg,0298.jpg
000000450.jpg,0299.jpg
000000451.jpg,0300.jpg
000000452.jpg,0301.jpg
000000453.jpg,0302.jpg
000000454.jpg,0303.jpg
000000455.jpg,0304.jpg
000000456.jpg,0305.jpg
000000458.jpg,0306.jpg
000000459.jpg,0307.jpg
000000460.jpg,0308.jpg
000000463.jpg,0309.jpg
000000464.jpg,0310.jpg
000000465.jpg,0311.jpg
000000466.jpg,0312.jpg
000000467.jpg,0313.jpg
000000469.jpg,0314.jpg
000000470.jpg,0315.jpg
000000471.jpg,0316.jpg
000000473.jpg,0317.jpg
000000474.jpg,0318.jpg
000000475.jpg,0319.jpg
000000476.jpg,0320.jpg
000000477.jpg,0321.jpg
000000478.jpg,0322.jpg
000000479.jpg,0323.jpg
000000481.jpg,0324.jpg
000000483.jpg,0325.jpg
000000485.jpg,0326.jpg
000000486.jpg,0327.jpg
000000487.jpg,0328.jpg
000000488.jpg,0329.jpg
000000489.jpg,0330.jpg
000000490.jpg,0331.jpg
000000491.jpg,0332.jpg
000000492.jpg,0333.jpg
000000493.jpg,0334.jpg
000000495.jpg,0335.jpg
000000496.jpg,0336.jpg
000000498.jpg,0337.jpg
000000499.jpg,0338.jpg
000000500.jpg,0339.jpg
000000502.jpg,0340.jpg
000000505.jpg,0341.jpg
000000506.jpg,0342.jpg
000000507.jpg,0343.jpg
000000508.jpg,0344.jpg
000000509.jpg,0345.jpg
000000510.jpg,0346.jpg
000000511.jpg,0347.jpg
000000512.jpg,0348.jpg
000000513.jpg,0349.jpg
000000514.jpg,0350.jpg
000000515.jpg,0351.jpg
000000517.jpg,0352.jpg
000000520.jpg,0353.jpg
000000521.jpg,0354.jpg
000000523.jpg,0355.jpg
000000524.jpg,0356.jpg
000000526.jpg,0357.jpg
000000528.jpg,0358.jpg
000000530.jpg,0359.jpg
000000531.jpg,0360.jpg
000000533.jpg,0361.jpg
000000535.jpg,0362.jpg
000000537.jpg,0363.jpg
000000538.jpg,0364.jpg
000000542.jpg,0365.jpg
000000543.jpg,0366.jpg
000000544.jpg,0367.jpg
000000546.jpg,0368.jpg
000000547.jpg,0369.jpg
000000548.jpg,0370.jpg
000000549.jpg,0371.jpg
000000550.jpg,0372.jpg
000000551.jpg,0373.jpg
000000552.jpg,0374.jpg
000000553.jpg,0375.jpg
000000556.jpg,0376.jpg
000000558.jpg,0377.jpg
000000559.jpg,0378.jpg
000000560.jpg,0379.jpg
000000561.jpg,0380.jpg
000000563.jpg,0381.jpg
000000565.jpg,0382.jpg
000000566.jpg,0383.jpg
000000567.jpg,0384.jpg
000000568.jpg,0385.jpg
000000569.jpg,0386.jpg
000000570.jpg,0387.jpg
000000571.jpg,0388.jpg
000000572.jpg,0389.jpg
000000574.jpg,0390.jpg
000000577.jpg,0391.jpg
000000578.jpg,0392.jpg
000000579.jpg,0393.jpg
000000580.jpg,0394.jpg
000000582.jpg,0395.jpg
000000583.jpg,0396.jpg
000000584.jpg,0397.jpg
000000585.jpg,0398.jpg
000000587.jpg,0399.jpg
000000588.jpg,0400.jpg
000000589.jpg,0401.jpg
000000590.jpg,0402.jpg
000000591.jpg,0403.jpg
000000592.jpg,0404.jpg
000000593.jpg,0405.jpg
000000594.jpg,0406.jpg
000000595.jpg,0407.jpg
000000596.jpg,0408.jpg
000000597.jpg,0409.jpg
000000598.jpg,0410.jpg
000000600.jpg,0411.jpg
000000601.jpg,0412.jpg
000000603.jpg,0413.jpg
000000604.jpg,0414.jpg
000000605.jpg,0415.jpg
000000606.jpg,0416.jpg
000000607.jpg,0417.jpg
000000609.jpg,0418.jpg
000000611.jpg,0419.jpg
000000612.jpg,0420.jpg
000000613.jpg,0421.jpg
000000614.jpg,0422.jpg
000000616.jpg,0423.jpg
000000617.jpg,0424.jpg
000000619.jpg,0425.jpg
000000620.jpg,0426.jpg
000000621.jpg,0427.jpg
000000622.jpg,0428.jpg
000000623.jpg,0429.jpg
000000625.jpg,0430.jpg
000000627.jpg,0431.jpg
000000629.jpg,0432.jpg
000000630.jpg,0433.jpg
000000631.jpg,0434.jpg
000000632.jpg,0435.jpg
000000633.jpg,0436.jpg
000000635.jpg,0437.jpg
000000636.jpg,0438.jpg
000000637.jpg,0439.jpg
000000639.jpg,0440.jpg
000000641.jpg,0441.jpg
000000642.jpg,0442.jpg
000000643.jpg,0443.jpg
000000644.jpg,0444.jpg
000000645.jpg,0445.jpg
000000646.jpg,0446.jpg
000000650.jpg,0447.jpg
000000651.jpg,0448.jpg
000000654.jpg,0449.jpg
000000655.jpg,0450.jpg
000000656.jpg,0451.jpg
000000657.jpg,0452.jpg
000000658.jpg,0453.jpg
000000659.jpg,0454.jpg
000000661.jpg,0455.jpg
000000662.jpg,0456.jpg
000000663.jpg,0457.jpg
000000664.jpg,0458.jpg
000000665.jpg,0459.jpg
000000666.jpg,0460.jpg
000000667.jpg,0461.jpg
000000668.jpg,0462.jpg
000000670.jpg,0463.jpg
000000671.jpg,0464.jpg
000000672.jpg,0465.jpg
000000674.jpg,0466.jpg
000000675.jpg,0467.jpg
000000676.jpg,0468.jpg
000000678.jpg,0469.jpg
000000680.jpg,0470.jpg
000000681.jpg,0471.jpg
000000682.jpg,0472.jpg
000000683.jpg,0473.jpg
000000684.jpg,0474.jpg
000000688.jpg,0475.jpg
000000691.jpg,0476.jpg
000000692.jpg,0477.jpg
000000693.jpg,0478.jpg
000000694.jpg,0479.jpg
000000695.jpg,0480.jpg
000000696.jpg,0481.jpg
000000697.jpg,0482.jpg
000000698.jpg,0483.jpg
000000700.jpg,0484.jpg
000000702.jpg,0485.jpg
000000703.jpg,0486.jpg
000000706.jpg,0487.jpg
000000707.jpg,0488.jpg
000000711.jpg,0489.jpg
000000712.jpg,0490.jpg
000000714.jpg,0491.jpg
000000715.jpg,0492.jpg
000000716.jpg,0493.jpg
000000717.jpg,0494.jpg
000000718.jpg,0495.jpg
000000719.jpg,0496.jpg
000000720.jpg,0497.jpg
000000721.jpg,0498.jpg
000000722.jpg,0499.jpg
000000723.jpg,0500.jpg
000000724.jpg,0501.jpg
000000726.jpg,0502.jpg
000000727.jpg,0503.jpg
000000731.jpg,0504.jpg
000000736.jpg,0505.jpg
000000737.jpg,0506.jpg
000000738.jpg,0507.jpg
000000739.jpg,0508.jpg
000000740.jpg,0509.jpg
000000743.jpg,0510.jpg
000000745.jpg,0511.jpg
000000746.jpg,0512.jpg
000000748.jpg,0513.jpg
000000749.jpg,0514.jpg
000000750.jpg,0515.jpg
000000751.jpg,0516.jpg
000000754.jpg,0517.jpg
000000758.jpg,0518.jpg
000000759.jpg,0519.jpg
000000761.jpg,0520.jpg
000000762.jpg,0521.jpg
000000765.jpg,0522.jpg
000000767.jpg,0523.jpg
000000768.jpg,0524.jpg
000000769.jpg,0525.jpg
000000770.jpg,0526.jpg
000000771.jpg,0527.jpg
000000772.jpg,0528.jpg
000000773.jpg,0529.jpg
000000775.jpg,0530.jpg
000000776.jpg,0531.jpg
000000777.jpg,0532.jpg
000000778.jpg,0533.jpg
000000780.jpg,0534.jpg
000000781.jpg,0535.jpg
000000783.jpg,0536.jpg
000000784.jpg,0537.jpg
000000785.jpg,0538.jpg
000000786.jpg,0539.jpg
000000788.jpg,0540.jpg
000000790.jpg,0541.jpg
000000791.jpg,0542.jpg
000000792.jpg,0543.jpg
000000793.jpg,0544.jpg
000000794.jpg,0545.jpg
000000803.jpg,0546.jpg
000000806.jpg,0547.jpg
000000807.jpg,0548.jpg
000000808.jpg,0549.jpg
000000810.jpg,0550.jpg
000000812.jpg,0551.jpg
000000814.jpg,0552.jpg
000000816.jpg,0553.jpg
000000817.jpg,0554.jpg
000000818.jpg,0555.jpg
000000822.jpg,0556.jpg
000000823.jpg,0557.jpg
000000824.jpg,0558.jpg
000000825.jpg,0559.jpg
000000827.jpg,0560.jpg
000000828.jpg,0561.jpg
000000829.jpg,0562.jpg
000000830.jpg,0563.jpg
000000831.jpg,0564.jpg
000000834.jpg,0565.jpg
000000836.jpg,0566.jpg
000000837.jpg,0567.jpg
000000838.jpg,0568.jpg
000000839.jpg,0569.jpg
000000840.jpg,0570.jpg
000000841.jpg,0571.jpg
000000842.jpg,0572.jpg
000000844.jpg,0573.jpg
000000846.jpg,0574.jpg
000000847.jpg,0575.jpg
000000848.jpg,0576.jpg
000000850.jpg,0577.jpg
000000851.jpg,0578.jpg
000000852.jpg,0579.jpg
000000857.jpg,0580.jpg
000000860.jpg,0581.jpg
000000861.jpg,0582.jpg
000000863.jpg,0583.jpg
000000864.jpg,0584.jpg
000000866.jpg,0585.jpg
000000867.jpg,0586.jpg
000000868.jpg,0587.jpg
000000869.jpg,0588.jpg
000000870.jpg,0589.jpg
000000872.jpg,0590.jpg
000000873.jpg,0591.jpg
000000874.jpg,0592.jpg
000000878.jpg,0593.jpg
000000881.jpg,0594.jpg
000000882.jpg,0595.jpg
000000885.jpg,0596.jpg
000000887.jpg,0597.jpg
000000888.jpg,0598.jpg
000000889.jpg,0599.jpg
000000891.jpg,0600.jpg
000000894.jpg,0601.jpg
000000896.jpg,0602.jpg
000000897.jpg,0603.jpg
000000899.jpg,0604.jpg
000000900.jpg,0605.jpg
000000901.jpg,0606.jpg
000000902.jpg,0607.jpg
000000903.jpg,0608.jpg
000000906.jpg,0609.jpg
000000907.jpg,0610.jpg
000000908.jpg,0611.jpg
000000909.jpg,0612.jpg
000000911.jpg,0613.jpg
000000913.jpg,0614.jpg
000000914.jpg,0615.jpg
000000915.jpg,0616.jpg
000000916.jpg,0617.jpg
000000917.jpg,0618.jpg
000000918.jpg,0619.jpg
000000919.jpg,0620.jpg
000000920.jpg,0621.jpg
000000921.jpg,0622.jpg
000000922.jpg,0623.jpg
000000923.jpg,0624.jpg
000000924.jpg,0625.jpg
000000925.jpg,0626.jpg
000000926.jpg,0627.jpg
000000927.jpg,0628.jpg
000000928.jpg,0629.jpg
000000929.jpg,0630.jpg
000000930.jpg,0631.jpg
000000931.jpg,0632.jpg
000000932.jpg,0633.jpg
000000933.jpg,0634.jpg
000000934.jpg,0635.jpg
000000935.jpg,0636.jpg
000000936.jpg,0637.jpg
000000937.jpg,0638.jpg
000000938.jpg,0639.jpg
000000939.jpg,0640.jpg
000000941.jpg,0641.jpg
000000942.jpg,0642.jpg
000000943.jpg,0643.jpg
000000944.jpg,0644.jpg
000000946.jpg,0645.jpg
000000947.jpg,0646.jpg
000000948.jpg,0647.jpg
000000950.jpg,0648.jpg
000000951.jpg,0649.jpg
000000957.jpg,0650.jpg
000000958.jpg,0651.jpg
000000960.jpg,0652.jpg
000000962.jpg,0653.jpg
000000964.jpg,0654.jpg
000000965.jpg,0655.jpg
000000966.jpg,0656.jpg
000000967.jpg,0657.jpg
000000968.jpg,0658.jpg
000000969.jpg,0659.jpg
000000970.jpg,0660.jpg
000000972.jpg,0661.jpg
000000973.jpg,0662.jpg
000000976.jpg,0663.jpg
000000977.jpg,0664.jpg
000000979.jpg,0665.jpg
000000982.jpg,0666.jpg
000000984.jpg,0667.jpg
000000986.jpg,0668.jpg
000000987.jpg,0669.jpg
000000989.jpg,0670.jpg
000000990.jpg,0671.jpg
000000991.jpg,0672.jpg
000000994.jpg,0673.jpg
000000995.jpg,0674.jpg
000000996.jpg,0675.jpg
000000997.jpg,0676.jpg
000000998.jpg,0677.jpg
000000999.jpg,0678.jpg
000001001.jpg,0679.jpg
000001002.jpg,0680.jpg
000001003.jpg,0681.jpg
000001004.jpg,0682.jpg
000001005.jpg,0683.jpg
000001006.jpg,0684.jpg
000001007.jpg,0685.jpg
000001009.jpg,0686.jpg
000001010.jpg,0687.jpg
000001011.jpg,0688.jpg
000001012.jpg,0689.jpg
000001013.jpg,0690.jpg
000001016.jpg,0691.jpg
000001017.jpg,0692.jpg
000001018.jpg,0693.jpg
000001019.jpg,0694.jpg
000001022.jpg,0695.jpg
000001023.jpg,0696.jpg
000001024.jpg,0697.jpg
000001025.jpg,0698.jpg
000001026.jpg,0699.jpg
000001028.jpg,0700.jpg
000001029.jpg,0701.jpg
000001031.jpg,0702.jpg
000001032.jpg,0703.jpg
000001033.jpg,0704.jpg
000001035.jpg,0705.jpg
000001037.jpg,0706.jpg
000001039.jpg,0707.jpg
000001041.jpg,0708.jpg
000001042.jpg,0709.jpg
000001044.jpg,0710.jpg
000001045.jpg,0711.jpg
000001046.jpg,0712.jpg
000001050.jpg,0713.jpg
000001052.jpg,0714.jpg
000001053.jpg,0715.jpg
000001054.jpg,0716.jpg
000001056.jpg,0717.jpg
000001058.jpg,0718.jpg
000001059.jpg,0719.jpg
000001060.jpg,0720.jpg
000001061.jpg,0721.jpg
000001062.jpg,0722.jpg
000001063.jpg,0723.jpg
000001064.jpg,0724.jpg
000001065.jpg,0725.jpg
000001066.jpg,0726.jpg
000001067.jpg,0727.jpg
000001068.jpg,0728.jpg
000001069.jpg,0729.jpg
000001071.jpg,0730.jpg
000001072.jpg,0731.jpg
000001077.jpg,0732.jpg
000001079.jpg,0733.jpg
000001083.jpg,0734.jpg
000001085.jpg,0735.jpg
000001086.jpg,0736.jpg
000001091.jpg,0737.jpg
000001092.jpg,0738.jpg
000001093.jpg,0739.jpg
000001094.jpg,0740.jpg
000001097.jpg,0741.jpg
000001099.jpg,0742.jpg
000001100.jpg,0743.jpg
000001101.jpg,0744.jpg
000001104.jpg,0745.jpg
000001105.jpg,0746.jpg
000001106.jpg,0747.jpg
000001107.jpg,0748.jpg
000001108.jpg,0749.jpg
000001109.jpg,0750.jpg
000001111.jpg,0751.jpg
000001112.jpg,0752.jpg
000001113.jpg,0753.jpg
000001114.jpg,0754.jpg
000001115.jpg,0755.jpg
000001116.jpg,0756.jpg
000001117.jpg,0757.jpg
000001118.jpg,0758.jpg
000001119.jpg,0759.jpg
000001120.jpg,0760.jpg
000001121.jpg,0761.jpg
000001123.jpg,0762.jpg
000001124.jpg,0763.jpg
000001125.jpg,0764.jpg
000001126.jpg,0765.jpg
000001127.jpg,0766.jpg
000001129.jpg,0767.jpg
000001130.jpg,0768.jpg
000001133.jpg,0769.jpg
000001135.jpg,0770.jpg
000001136.jpg,0771.jpg
000001137.jpg,0772.jpg
000001141.jpg,0773.jpg
000001142.jpg,0774.jpg
000001148.jpg,0775.jpg
000001149.jpg,0776.jpg
000001153.jpg,0777.jpg
000001154.jpg,0778.jpg
000001155.jpg,0779.jpg
000001156.jpg,0780.jpg
000001160.jpg,0781.jpg
000001161.jpg,0782.jpg
000001162.jpg,0783.jpg
000001163.jpg,0784.jpg
000001166.jpg,0785.jpg
000001167.jpg,0786.jpg
000001168.jpg,0787.jpg
000001171.jpg,0788.jpg
000001174.jpg,0789.jpg
000001176.jpg,0790.jpg
000001177.jpg,0791.jpg
000001179.jpg,0792.jpg
000001180.jpg,0793.jpg
000001181.jpg,0794.jpg
000001182.jpg,0795.jpg
000001183.jpg,0796.jpg
000001185.jpg,0797.jpg
000001186.jpg,0798.jpg
000001187.jpg,0799.jpg
000001188.jpg,0800.jpg
000001189.jpg,0801.jpg
000001190.jpg,0802.jpg
000001191.jpg,0803.jpg
000001192.jpg,0804.jpg
000001193.jpg,0805.jpg
000001194.jpg,0806.jpg
000001196.jpg,0807.jpg
000001197.jpg,0808.jpg
000001198.jpg,0809.jpg
000001202.jpg,0810.jpg
000001203.jpg,0811.jpg
000001205.jpg,0812.jpg
000001206.jpg,0813.jpg
000001209.jpg,0814.jpg
000001210.jpg,0815.jpg
000001212.jpg,0816.jpg
000001213.jpg,0817.jpg
000001215.jpg,0818.jpg
000001216.jpg,0819.jpg
000001217.jpg,0820.jpg
000001218.jpg,0821.jpg
000001220.jpg,0822.jpg
000001222.jpg,0823.jpg
000001223.jpg,0824.jpg
000001224.jpg,0825.jpg
000001225.jpg,0826.jpg
000001226.jpg,0827.jpg
000001228.jpg,0828.jpg
000001229.jpg,0829.jpg
000001230.jpg,0830.jpg
000001231.jpg,0831.jpg
000001232.jpg,0832.jpg
000001233.jpg,0833.jpg
000001235.jpg,0834.jpg
000001237.jpg,0835.jpg
000001240.jpg,0836.jpg
000001243.jpg,0837.jpg
000001245.jpg,0838.jpg
000001246.jpg,0839.jpg
000001248.jpg,0840.jpg
000001249.jpg,0841.jpg
000001250.jpg,0842.jpg
000001251.jpg,0843.jpg
000001252.jpg,0844.jpg
000001253.jpg,0845.jpg
000001256.jpg,0846.jpg
000001257.jpg,0847.jpg
000001259.jpg,0848.jpg
000001260.jpg,0849.jpg
000001263.jpg,0850.jpg
000001264.jpg,0851.jpg
000001265.jpg,0852.jpg
000001266.jpg,0853.jpg
000001267.jpg,0854.jpg
000001268.jpg,0855.jpg
000001269.jpg,0856.jpg
000001270.jpg,0857.jpg
000001271.jpg,0858.jpg
000001273.jpg,0859.jpg
000001274.jpg,0860.jpg
000001275.jpg,0861.jpg
000001276.jpg,0862.jpg
000001277.jpg,0863.jpg
000001283.jpg,0864.jpg
000001285.jpg,0865.jpg
000001286.jpg,0866.jpg
000001287.jpg,0867.jpg
000001289.jpg,0868.jpg
000001294.jpg,0869.jpg
000001295.jpg,0870.jpg
000001298.jpg,0871.jpg
000001299.jpg,0872.jpg
000001302.jpg,0873.jpg
000001303.jpg,0874.jpg
000001304.jpg,0875.jpg
000001305.jpg,0876.jpg
000001306.jpg,0877.jpg
000001309.jpg,0878.jpg
000001312.jpg,0879.jpg
000001313.jpg,0880.jpg
000001314.jpg,0881.jpg
000001315.jpg,0882.jpg
000001316.jpg,0883.jpg
000001317.jpg,0884.jpg
000001319.jpg,0885.jpg
000001320.jpg,0886.jpg
000001321.jpg,0887.jpg
000001322.jpg,0888.jpg
000001325.jpg,0889.jpg
000001326.jpg,0890.jpg
000001328.jpg,0891.jpg
000001329.jpg,0892.jpg
000001332.jpg,0893.jpg
000001333.jpg,0894.jpg
000001334.jpg,0895.jpg
000001335.jpg,0896.jpg
000001336.jpg,0897.jpg
000001337.jpg,0898.jpg
000001340.jpg,0899.jpg
000001341.jpg,0900.jpg
000001342.jpg,0901.jpg
000001344.jpg,0902.jpg
000001345.jpg,0903.jpg
000001346.jpg,0904.jpg
000001347.jpg,0905.jpg
000001349.jpg,0906.jpg
000001350.jpg,0907.jpg
000001351.jpg,0908.jpg
000001352.jpg,0909.jpg
000001353.jpg,0910.jpg
000001354.jpg,0911.jpg
000001357.jpg,0912.jpg
000001358.jpg,0913.jpg
000001359.jpg,0914.jpg
000001363.jpg,0915.jpg
000001364.jpg,0916.jpg
000001365.jpg,0917.jpg
000001366.jpg,0918.jpg
000001367.jpg,0919.jpg
000001369.jpg,0920.jpg
000001370.jpg,0921.jpg
000001371.jpg,0922.jpg
000001372.jpg,0923.jpg
000001373.jpg,0924.jpg
000001374.jpg,0925.jpg
000001375.jpg,0926.jpg
000001376.jpg,0927.jpg
000001377.jpg,0928.jpg
000001379.jpg,0929.jpg
000001380.jpg,0930.jpg
000001382.jpg,0931.jpg
000001383.jpg,0932.jpg
000001384.jpg,0933.jpg
000001385.jpg,0934.jpg
000001386.jpg,0935.jpg
000001387.jpg,0936.jpg
000001388.jpg,0937.jpg
000001395.jpg,0938.jpg
000001398.jpg,0939.jpg
000001399.jpg,0940.jpg
000001400.jpg,0941.jpg
000001401.jpg,0942.jpg
000001407.jpg,0943.jpg
000001408.jpg,0944.jpg
000001410.jpg,0945.jpg
000001412.jpg,0946.jpg
000001414.jpg,0947.jpg
000001416.jpg,0948.jpg
000001418.jpg,0949.jpg
000001420.jpg,0950.jpg
000001422.jpg,0951.jpg
000001423.jpg,0952.jpg
000001426.jpg,0953.jpg
000001427.jpg,0954.jpg
000001429.jpg,0955.jpg
000001430.jpg,0956.jpg
000001431.jpg,0957.jpg
000001435.jpg,0958.jpg
000001436.jpg,0959.jpg
000001437.jpg,0960.jpg
000001438.jpg,0961.jpg
000001440.jpg,0962.jpg
000001441.jpg,0963.jpg
000001442.jpg,0964.jpg
000001443.jpg,0965.jpg
000001444.jpg,0966.jpg
000001445.jpg,0967.jpg
000001446.jpg,0968.jpg
000001447.jpg,0969.jpg
000001449.jpg,0970.jpg
000001450.jpg,0971.jpg
000001452.jpg,0972.jpg
000001453.jpg,0973.jpg
000001454.jpg,0974.jpg
000001455.jpg,0975.jpg
000001456.jpg,0976.jpg
000001457.jpg,0977.jpg
000001458.jpg,0978.jpg
000001459.jpg,0979.jpg
000001460.jpg,0980.jpg
000001461.jpg,0981.jpg
000001462.jpg,0982.jpg
000001464.jpg,0983.jpg
000001465.jpg,0984.jpg
000001466.jpg,0985.jpg
000001467.jpg,0986.jpg
000001468.jpg,0987.jpg
000001469.jpg,0988.jpg
000001470.jpg,0989.jpg
000001471.jpg,0990.jpg
000001472.jpg,0991.jpg
000001474.jpg,0992.jpg
000001475.jpg,0993.jpg
000001477.jpg,0994.jpg
000001479.jpg,0995.jpg
000001480.jpg,0996.jpg
000001482.jpg,0997.jpg
000001483.jpg,0998.jpg
000001484.jpg,0999.jpg
000001485.jpg,1000.jpg
000001487.jpg,1001.jpg
000001489.jpg,1002.jpg
000001490.jpg,1003.jpg
000001492.jpg,1004.jpg
000001493.jpg,1005.jpg
000001495.jpg,1006.jpg
000001496.jpg,1007.jpg
000001497.jpg,1008.jpg
000001498.jpg,1009.jpg
000001500.jpg,1010.jpg
000001501.jpg,1011.jpg
000001503.jpg,1012.jpg
000001505.jpg,1013.jpg
000001506.jpg,1014.jpg
000001507.jpg,1015.jpg
000001508.jpg,1016.jpg
000001512.jpg,1017.jpg
000001513.jpg,1018.jpg
000001514.jpg,1019.jpg
000001515.jpg,1020.jpg
000001516.jpg,1021.jpg
000001518.jpg,1022.jpg
000001520.jpg,1023.jpg
000001521.jpg,1024.jpg
000001522.jpg,1025.jpg
000001523.jpg,1026.jpg
000001524.jpg,1027.jpg
000001525.jpg,1028.jpg
000001527.jpg,1029.jpg
000001530.jpg,1030.jpg
000001531.jpg,1031.jpg
000001532.jpg,1032.jpg
000001533.jpg,1033.jpg
000001534.jpg,1034.jpg
000001535.jpg,1035.jpg
000001536.jpg,1036.jpg
000001537.jpg,1037.jpg
000001539.jpg,1038.jpg
000001541.jpg,1039.jpg
000001542.jpg,1040.jpg
000001543.jpg,1041.jpg
000001545.jpg,1042.jpg
000001546.jpg,1043.jpg
000001548.jpg,1044.jpg
000001549.jpg,1045.jpg
000001552.jpg,1046.jpg
000001554.jpg,1047.jpg
000001555.jpg,1048.jpg
000001556.jpg,1049.jpg
000001557.jpg,1050.jpg
000001558.jpg,1051.jpg
000001560.jpg,1052.jpg
000001561.jpg,1053.jpg
000001563.jpg,1054.jpg
000001567.jpg,1055.jpg
000001568.jpg,1056.jpg
000001569.jpg,1057.jpg
000001570.jpg,1058.jpg
000001571.jpg,1059.jpg
000001572.jpg,1060.jpg
000001573.jpg,1061.jpg
000001574.jpg,1062.jpg
000001575.jpg,1063.jpg
000001576.jpg,1064.jpg
000001578.jpg,1065.jpg
000001580.jpg,1066.jpg
000001584.jpg,1067.jpg
000001588.jpg,1068.jpg
000001590.jpg,1069.jpg
000001591.jpg,1070.jpg
000001592.jpg,1071.jpg
000001593.jpg,1072.jpg
000001595.jpg,1073.jpg
000001596.jpg,1074.jpg
000001597.jpg,1075.jpg
000001598.jpg,1076.jpg
000001604.jpg,1077.jpg
000001605.jpg,1078.jpg
000001606.jpg,1079.jpg
000001607.jpg,1080.jpg
000001609.jpg,1081.jpg
000001611.jpg,1082.jpg
000001612.jpg,1083.jpg
000001613.jpg,1084.jpg
000001614.jpg,1085.jpg
000001615.jpg,1086.jpg
000001616.jpg,1087.jpg
000001617.jpg,1088.jpg
000001621.jpg,1089.jpg
000001622.jpg,1090.jpg
000001623.jpg,1091.jpg
000001624.jpg,1092.jpg
000001627.jpg,1093.jpg
000001628.jpg,1094.jpg
000001629.jpg,1095.jpg
000001630.jpg,1096.jpg
000001633.jpg,1097.jpg
000001634.jpg,1098.jpg
000001635.jpg,1099.jpg
000001636.jpg,1100.jpg
000001637.jpg,1101.jpg
000001638.jpg,1102.jpg
000001639.jpg,1103.jpg
000001640.jpg,1104.jpg
000001641.jpg,1105.jpg
000001642.jpg,1106.jpg
000001643.jpg,1107.jpg
000001644.jpg,1108.jpg
000001645.jpg,1109.jpg
000001647.jpg,1110.jpg
000001648.jpg,1111.jpg
000001649.jpg,1112.jpg
000001650.jpg,1113.jpg
000001651.jpg,1114.jpg
000001652.jpg,1115.jpg
000001653.jpg,1116.jpg
000001654.jpg,1117.jpg
000001655.jpg,1118.jpg
000001656.jpg,1119.jpg
000001657.jpg,1120.jpg
000001659.jpg,1121.jpg
000001663.jpg,1122.jpg
000001665.jpg,1123.jpg
000001667.jpg,1124.jpg
000001670.jpg,1125.jpg
000001672.jpg,1126.jpg
000001673.jpg,1127.jpg
000001674.jpg,1128.jpg
000001675.jpg,1129.jpg
000001676.jpg,1130.jpg
000001677.jpg,1131.jpg
000001679.jpg,1132.jpg
000001682.jpg,1133.jpg
000001683.jpg,1134.jpg
000001684.jpg,1135.jpg
000001685.jpg,1136.jpg
000001686.jpg,1137.jpg
000001687.jpg,1138.jpg
000001689.jpg,1139.jpg
000001692.jpg,1140.jpg
000001693.jpg,1141.jpg
000001696.jpg,1142.jpg
000001699.jpg,1143.jpg
000001701.jpg,1144.jpg
000001702.jpg,1145.jpg
000001703.jpg,1146.jpg
000001706.jpg,1147.jpg
000001707.jpg,1148.jpg
000001709.jpg,1149.jpg
000001710.jpg,1150.jpg
000001711.jpg,1151.jpg
000001714.jpg,1152.jpg
000001715.jpg,1153.jpg
000001716.jpg,1154.jpg
000001717.jpg,1155.jpg
000001718.jpg,1156.jpg
000001719.jpg,1157.jpg
000001720.jpg,1158.jpg
000001721.jpg,1159.jpg
000001722.jpg,1160.jpg
000001723.jpg,1161.jpg
000001724.jpg,1162.jpg
000001728.jpg,1163.jpg
000001729.jpg,1164.jpg
000001730.jpg,1165.jpg
000001731.jpg,1166.jpg
000001732.jpg,1167.jpg
000001733.jpg,1168.jpg
000001735.jpg,1169.jpg
000001736.jpg,1170.jpg
000001738.jpg,1171.jpg
000001742.jpg,1172.jpg
000001744.jpg,1173.jpg
000001745.jpg,1174.jpg
000001746.jpg,1175.jpg
000001747.jpg,1176.jpg
000001749.jpg,1177.jpg
000001750.jpg,1178.jpg
000001751.jpg,1179.jpg
000001753.jpg,1180.jpg
000001754.jpg,1181.jpg
000001756.jpg,1182.jpg
000001757.jpg,1183.jpg
000001758.jpg,1184.jpg
000001759.jpg,1185.jpg
000001760.jpg,1186.jpg
000001761.jpg,1187.jpg
000001762.jpg,1188.jpg
000001763.jpg,1189.jpg
000001764.jpg,1190.jpg
000001766.jpg,1191.jpg
000001767.jpg,1192.jpg
000001769.jpg,1193.jpg
000001770.jpg,1194.jpg
000001771.jpg,1195.jpg
000001772.jpg,1196.jpg
000001773.jpg,1197.jpg
000001774.jpg,1198.jpg
000001775.jpg,1199.jpg
000001776.jpg,1200.jpg
000001777.jpg,1201.jpg
000001778.jpg,1202.jpg
000001779.jpg,1203.jpg
000001780.jpg,1204.jpg
000001781.jpg,1205.jpg
000001783.jpg,1206.jpg
000001784.jpg,1207.jpg
000001785.jpg,1208.jpg
000001786.jpg,1209.jpg
000001788.jpg,1210.jpg
000001789.jpg,1211.jpg
000001791.jpg,1212.jpg
000001792.jpg,1213.jpg
000001795.jpg,1214.jpg
000001796.jpg,1215.jpg
000001797.jpg,1216.jpg
000001798.jpg,1217.jpg
000001799.jpg,1218.jpg
000001802.jpg,1219.jpg
000001803.jpg,1220.jpg
000001804.jpg,1221.jpg
000001807.jpg,1222.jpg
000001808.jpg,1223.jpg
000001811.jpg,1224.jpg
000001813.jpg,1225.jpg
000001814.jpg,1226.jpg
000001815.jpg,1227.jpg
000001818.jpg,1228.jpg
000001819.jpg,1229.jpg
000001821.jpg,1230.jpg
000001822.jpg,1231.jpg
000001823.jpg,1232.jpg
000001824.jpg,1233.jpg
000001826.jpg,1234.jpg
000001827.jpg,1235.jpg
000001828.jpg,1236.jpg
000001833.jpg,1237.jpg
000001834.jpg,1238.jpg
000001835.jpg,1239.jpg
000001836.jpg,1240.jpg
000001838.jpg,1241.jpg
000001839.jpg,1242.jpg
000001840.jpg,1243.jpg
000001841.jpg,1244.jpg
000001842.jpg,1245.jpg
000001843.jpg,1246.jpg
000001844.jpg,1247.jpg
000001845.jpg,1248.jpg
000001846.jpg,1249.jpg
000001847.jpg,1250.jpg
000001848.jpg,1251.jpg
000001849.jpg,1252.jpg
000001850.jpg,1253.jpg
000001851.jpg,1254.jpg
000001852.jpg,1255.jpg
000001854.jpg,1256.jpg
000001855.jpg,1257.jpg
000001856.jpg,1258.jpg
000001857.jpg,1259.jpg
000001859.jpg,1260.jpg
000001860.jpg,1261.jpg
000001862.jpg,1262.jpg
000001866.jpg,1263.jpg
000001868.jpg,1264.jpg
000001871.jpg,1265.jpg
000001872.jpg,1266.jpg
000001873.jpg,1267.jpg
000001874.jpg,1268.jpg
000001875.jpg,1269.jpg
000001876.jpg,1270.jpg
000001878.jpg,1271.jpg
000001879.jpg,1272.jpg
000001880.jpg,1273.jpg
000001881.jpg,1274.jpg
000001887.jpg,1275.jpg
000001890.jpg,1276.jpg
000001892.jpg,1277.jpg
000001893.jpg,1278.jpg
000001894.jpg,1279.jpg
000001895.jpg,1280.jpg
000001896.jpg,1281.jpg
000001897.jpg,1282.jpg
000001898.jpg,1283.jpg
000001901.jpg,1284.jpg
000001903.jpg,1285.jpg
000001905.jpg,1286.jpg
000001906.jpg,1287.jpg
000001910.jpg,1288.jpg
000001911.jpg,1289.jpg
000001912.jpg,1290.jpg
000001915.jpg,1291.jpg
000001916.jpg,1292.jpg
000001918.jpg,1293.jpg
000001919.jpg,1294.jpg
000001920.jpg,1295.jpg
000001921.jpg,1296.jpg
000001923.jpg,1297.jpg
000001924.jpg,1298.jpg
000001925.jpg,1299.jpg
000001926.jpg,1300.jpg
000001927.jpg,1301.jpg
000001928.jpg,1302.jpg
000001933.jpg,1303.jpg
000001936.jpg,1304.jpg
000001937.jpg,1305.jpg
000001938.jpg,1306.jpg
000001940.jpg,1307.jpg
000001941.jpg,1308.jpg
000001942.jpg,1309.jpg
000001944.jpg,1310.jpg
000001945.jpg,1311.jpg
000001946.jpg,1312.jpg
000001947.jpg,1313.jpg
000001953.jpg,1314.jpg
000001955.jpg,1315.jpg
000001956.jpg,1316.jpg
000001959.jpg,1317.jpg
000001961.jpg,1318.jpg
000001962.jpg,1319.jpg
000001964.jpg,1320.jpg
000001968.jpg,1321.jpg
000001969.jpg,1322.jpg
000001970.jpg,1323.jpg
000001972.jpg,1324.jpg
000001973.jpg,1325.jpg
000001974.jpg,1326.jpg
000001976.jpg,1327.jpg
000001977.jpg,1328.jpg
000001979.jpg,1329.jpg
000001980.jpg,1330.jpg
000001982.jpg,1331.jpg
000001983.jpg,1332.jpg
000001984.jpg,1333.jpg
000001985.jpg,1334.jpg
000157202.jpg,1335.jpg
000157203.jpg,1336.jpg
000157205.jpg,1337.jpg
000157207.jpg,1338.jpg
000157208.jpg,1339.jpg
000157209.jpg,1340.jpg
000157212.jpg,1341.jpg
000157213.jpg,1342.jpg
000157214.jpg,1343.jpg
000157215.jpg,1344.jpg
000157216.jpg,1345.jpg
000157217.jpg,1346.jpg
000157218.jpg,1347.jpg
000157219.jpg,1348.jpg
000157220.jpg,1349.jpg
000157223.jpg,1350.jpg
000157224.jpg,1351.jpg
000157226.jpg,1352.jpg
000157232.jpg,1353.jpg
000157233.jpg,1354.jpg
000157234.jpg,1355.jpg
000157237.jpg,1356.jpg
000157242.jpg,1357.jpg
000157243.jpg,1358.jpg
000157244.jpg,1359.jpg
000157245.jpg,1360.jpg
000157246.jpg,1361.jpg
000157248.jpg,1362.jpg
000157249.jpg,1363.jpg
000157250.jpg,1364.jpg
000157251.jpg,1365.jpg
000157253.jpg,1366.jpg
000157254.jpg,1367.jpg
000157255.jpg,1368.jpg
000157256.jpg,1369.jpg
000157258.jpg,1370.jpg
000157259.jpg,1371.jpg
000157260.jpg,1372.jpg
000157262.jpg,1373.jpg
000157263.jpg,1374.jpg
000157264.jpg,1375.jpg
000157265.jpg,1376.jpg
000157266.jpg,1377.jpg
000157267.jpg,1378.jpg
000157268.jpg,1379.jpg
000157269.jpg,1380.jpg
000157270.jpg,1381.jpg
000157271.jpg,1382.jpg
000157272.jpg,1383.jpg
000157273.jpg,1384.jpg
000157274.jpg,1385.jpg
000157275.jpg,1386.jpg
000157277.jpg,1387.jpg
000157281.jpg,1388.jpg
000157282.jpg,1389.jpg
000157284.jpg,1390.jpg
000157286.jpg,1391.jpg
000157288.jpg,1392.jpg
000157289.jpg,1393.jpg
000157292.jpg,1394.jpg
000157293.jpg,1395.jpg
000157294.jpg,1396.jpg
000157295.jpg,1397.jpg
000157296.jpg,1398.jpg
000157299.jpg,1399.jpg
000157300.jpg,1400.jpg
000157304.jpg,1401.jpg
000157305.jpg,1402.jpg
000157306.jpg,1403.jpg
000157307.jpg,1404.jpg
000157309.jpg,1405.jpg
000157310.jpg,1406.jpg
000157312.jpg,1407.jpg
000157313.jpg,1408.jpg
000157314.jpg,1409.jpg
000157316.jpg,1410.jpg
000157318.jpg,1411.jpg
000157319.jpg,1412.jpg
000157320.jpg,1413.jpg
000157322.jpg,1414.jpg
000157323.jpg,1415.jpg
000157325.jpg,1416.jpg
000157326.jpg,1417.jpg
000157327.jpg,1418.jpg
000157329.jpg,1419.jpg
000157331.jpg,1420.jpg
000157332.jpg,1421.jpg
000157333.jpg,1422.jpg
000157335.jpg,1423.jpg
000157336.jpg,1424.jpg
000157337.jpg,1425.jpg
000157338.jpg,1426.jpg
000157339.jpg,1427.jpg
000157341.jpg,1428.jpg
000157342.jpg,1429.jpg
000157344.jpg,1430.jpg
000157345.jpg,1431.jpg
000157347.jpg,1432.jpg
000157348.jpg,1433.jpg
000157349.jpg,1434.jpg
000157350.jpg,1435.jpg
000157352.jpg,1436.jpg
000157353.jpg,1437.jpg
000157357.jpg,1438.jpg
000157358.jpg,1439.jpg
000157359.jpg,1440.jpg
000157360.jpg,1441.jpg
000157361.jpg,1442.jpg
000157362.jpg,1443.jpg
000157363.jpg,1444.jpg
000157364.jpg,1445.jpg
000157366.jpg,1446.jpg
000157367.jpg,1447.jpg
000157371.jpg,1448.jpg
000157372.jpg,1449.jpg
000157373.jpg,1450.jpg
000157374.jpg,1451.jpg
000157377.jpg,1452.jpg
000157379.jpg,1453.jpg
000157380.jpg,1454.jpg
000157381.jpg,1455.jpg
000157382.jpg,1456.jpg
000157383.jpg,1457.jpg
000157384.jpg,1458.jpg
000157385.jpg,1459.jpg
000157386.jpg,1460.jpg
000157387.jpg,1461.jpg
000157388.jpg,1462.jpg
000157389.jpg,1463.jpg
000157390.jpg,1464.jpg
000157392.jpg,1465.jpg
000157394.jpg,1466.jpg
000157397.jpg,1467.jpg
000157399.jpg,1468.jpg
000157400.jpg,1469.jpg
000157401.jpg,1470.jpg
000157402.jpg,1471.jpg
000157403.jpg,1472.jpg
000157404.jpg,1473.jpg
000157405.jpg,1474.jpg
000157406.jpg,1475.jpg
000157407.jpg,1476.jpg
000157408.jpg,1477.jpg
000157409.jpg,1478.jpg
000157411.jpg,1479.jpg
000157412.jpg,1480.jpg
000157415.jpg,1481.jpg
000157416.jpg,1482.jpg
000157420.jpg,1483.jpg
000157421.jpg,1484.jpg
000157424.jpg,1485.jpg
000157425.jpg,1486.jpg
000157426.jpg,1487.jpg
000157427.jpg,1488.jpg
000157428.jpg,1489.jpg
000157429.jpg,1490.jpg
000157430.jpg,1491.jpg
000157431.jpg,1492.jpg
000157432.jpg,1493.jpg
000157433.jpg,1494.jpg
000157434.jpg,1495.jpg
000157435.jpg,1496.jpg
000157436.jpg,1497.jpg
000157437.jpg,1498.jpg
000157439.jpg,1499.jpg
000157440.jpg,1500.jpg
000157441.jpg,1501.jpg
000157442.jpg,1502.jpg
000157443.jpg,1503.jpg
000157444.jpg,1504.jpg
000157445.jpg,1505.jpg
000157446.jpg,1506.jpg
000157447.jpg,1507.jpg
000157448.jpg,1508.jpg
000157449.jpg,1509.jpg
000157451.jpg,1510.jpg
000157453.jpg,1511.jpg
000157454.jpg,1512.jpg
000157455.jpg,1513.jpg
000157457.jpg,1514.jpg
000157458.jpg,1515.jpg
000157460.jpg,1516.jpg
000157464.jpg,1517.jpg
000157468.jpg,1518.jpg
000157469.jpg,1519.jpg
000157470.jpg,1520.jpg
000157471.jpg,1521.jpg
000157472.jpg,1522.jpg
000157473.jpg,1523.jpg
000157474.jpg,1524.jpg
000157475.jpg,1525.jpg
000157477.jpg,1526.jpg
000157479.jpg,1527.jpg
000157480.jpg,1528.jpg
000157482.jpg,1529.jpg
000157483.jpg,1530.jpg
000157484.jpg,1531.jpg
000157485.jpg,1532.jpg
000157486.jpg,1533.jpg
000157487.jpg,1534.jpg
000157488.jpg,1535.jpg
000157489.jpg,1536.jpg
000157491.jpg,1537.jpg
000157492.jpg,1538.jpg
000157493.jpg,1539.jpg
000157494.jpg,1540.jpg
000157496.jpg,1541.jpg
000157497.jpg,1542.jpg
000157498.jpg,1543.jpg
000157499.jpg,1544.jpg
000157500.jpg,1545.jpg
000157501.jpg,1546.jpg
000157502.jpg,1547.jpg
000157503.jpg,1548.jpg
000157507.jpg,1549.jpg
000157513.jpg,1550.jpg
000157514.jpg,1551.jpg
000157515.jpg,1552.jpg
000157516.jpg,1553.jpg
000157517.jpg,1554.jpg
000157518.jpg,1555.jpg
000157519.jpg,1556.jpg
000157520.jpg,1557.jpg
000157522.jpg,1558.jpg
000157524.jpg,1559.jpg
000157525.jpg,1560.jpg
000157527.jpg,1561.jpg
000157528.jpg,1562.jpg
000157529.jpg,1563.jpg
000157530.jpg,1564.jpg
000157531.jpg,1565.jpg
000157532.jpg,1566.jpg
000157534.jpg,1567.jpg
000157535.jpg,1568.jpg
000157536.jpg,1569.jpg
000157537.jpg,1570.jpg
000157538.jpg,1571.jpg
000157540.jpg,1572.jpg
000157542.jpg,1573.jpg
000157545.jpg,1574.jpg
000157546.jpg,1575.jpg
000157547.jpg,1576.jpg
000157548.jpg,1577.jpg
000157549.jpg,1578.jpg
000157550.jpg,1579.jpg
000157551.jpg,1580.jpg
000157552.jpg,1581.jpg
000157553.jpg,1582.jpg
000157554.jpg,1583.jpg
000157555.jpg,1584.jpg
000157557.jpg,1585.jpg
000157559.jpg,1586.jpg
000157560.jpg,1587.jpg
000157561.jpg,1588.jpg
000157563.jpg,1589.jpg
000157564.jpg,1590.jpg
000157566.jpg,1591.jpg
000157567.jpg,1592.jpg
000157568.jpg,1593.jpg
000157569.jpg,1594.jpg
000157572.jpg,1595.jpg
000157573.jpg,1596.jpg
000157575.jpg,1597.jpg
000157576.jpg,1598.jpg
000157578.jpg,1599.jpg
000157579.jpg,1600.jpg
000157580.jpg,1601.jpg
000157581.jpg,1602.jpg
000157585.jpg,1603.jpg
000157587.jpg,1604.jpg
000157589.jpg,1605.jpg
000157590.jpg,1606.jpg
000157591.jpg,1607.jpg
000157592.jpg,1608.jpg
000157593.jpg,1609.jpg
000157594.jpg,1610.jpg
000157595.jpg,1611.jpg
000157598.jpg,1612.jpg
000157599.jpg,1613.jpg
000157600.jpg,1614.jpg
000157602.jpg,1615.jpg
000157603.jpg,1616.jpg
000157604.jpg,1617.jpg
000157605.jpg,1618.jpg
000157607.jpg,1619.jpg
000157608.jpg,1620.jpg
000157610.jpg,1621.jpg
000157614.jpg,1622.jpg
000157615.jpg,1623.jpg
000157617.jpg,1624.jpg
000157619.jpg,1625.jpg
000157620.jpg,1626.jpg
000157621.jpg,1627.jpg
000157622.jpg,1628.jpg
000157624.jpg,1629.jpg
000157625.jpg,1630.jpg
000157628.jpg,1631.jpg
000157631.jpg,1632.jpg
000157634.jpg,1633.jpg
000157636.jpg,1634.jpg
000157637.jpg,1635.jpg
000157638.jpg,1636.jpg
000157639.jpg,1637.jpg
000157640.jpg,1638.jpg
000157641.jpg,1639.jpg
000157642.jpg,1640.jpg
000157643.jpg,1641.jpg
000157644.jpg,1642.jpg
000157646.jpg,1643.jpg
000157647.jpg,1644.jpg
000157648.jpg,1645.jpg
000157649.jpg,1646.jpg
000157650.jpg,1647.jpg
000157652.jpg,1648.jpg
000157653.jpg,1649.jpg
000157654.jpg,1650.jpg
000157655.jpg,1651.jpg
000157657.jpg,1652.jpg
000157658.jpg,1653.jpg
000157659.jpg,1654.jpg
000157663.jpg,1655.jpg
000157664.jpg,1656.jpg
000157666.jpg,1657.jpg
000157667.jpg,1658.jpg
000157668.jpg,1659.jpg
000157670.jpg,1660.jpg
000157671.jpg,1661.jpg
000157672.jpg,1662.jpg
000157677.jpg,1663.jpg
000157679.jpg,1664.jpg
000157680.jpg,1665.jpg
000157681.jpg,1666.jpg
000157683.jpg,1667.jpg
000157685.jpg,1668.jpg
000157686.jpg,1669.jpg
000157689.jpg,1670.jpg
000157691.jpg,1671.jpg
000157692.jpg,1672.jpg
000157693.jpg,1673.jpg
000157694.jpg,1674.jpg
000157695.jpg,1675.jpg
000157696.jpg,1676.jpg
000157697.jpg,1677.jpg
000157699.jpg,1678.jpg
000157700.jpg,1679.jpg
000157701.jpg,1680.jpg
000157705.jpg,1681.jpg
000157706.jpg,1682.jpg
000157707.jpg,1683.jpg
000157709.jpg,1684.jpg
000157710.jpg,1685.jpg
000157711.jpg,1686.jpg
000157713.jpg,1687.jpg
000157714.jpg,1688.jpg
000157715.jpg,1689.jpg
000157718.jpg,1690.jpg
000157720.jpg,1691.jpg
000157723.jpg,1692.jpg
000157724.jpg,1693.jpg
000157725.jpg,1694.jpg
000157726.jpg,1695.jpg
000157727.jpg,1696.jpg
000157732.jpg,1697.jpg
000157733.jpg,1698.jpg
000157734.jpg,1699.jpg
000157735.jpg,1700.jpg
000157736.jpg,1701.jpg
000157738.jpg,1702.jpg
000157739.jpg,1703.jpg
000157741.jpg,1704.jpg
000157742.jpg,1705.jpg
000157746.jpg,1706.jpg
000157747.jpg,1707.jpg
000157748.jpg,1708.jpg
000157750.jpg,1709.jpg
000157751.jpg,1710.jpg
000157752.jpg,1711.jpg
000157753.jpg,1712.jpg
000157755.jpg,1713.jpg
000157758.jpg,1714.jpg
000157759.jpg,1715.jpg
000157760.jpg,1716.jpg
000157761.jpg,1717.jpg
000157766.jpg,1718.jpg
000157767.jpg,1719.jpg
000157768.jpg,1720.jpg
000157770.jpg,1721.jpg
000157771.jpg,1722.jpg
000157772.jpg,1723.jpg
000157773.jpg,1724.jpg
000157774.jpg,1725.jpg
000157776.jpg,1726.jpg
000157778.jpg,1727.jpg
000157779.jpg,1728.jpg
000157781.jpg,1729.jpg
000157782.jpg,1730.jpg
000157783.jpg,1731.jpg
000157785.jpg,1732.jpg
000157788.jpg,1733.jpg
000157789.jpg,1734.jpg
000157790.jpg,1735.jpg
000157792.jpg,1736.jpg
000157793.jpg,1737.jpg
000157794.jpg,1738.jpg
000157795.jpg,1739.jpg
000157796.jpg,1740.jpg
000157799.jpg,1741.jpg
000157800.jpg,1742.jpg
000157801.jpg,1743.jpg
000157802.jpg,1744.jpg
000157803.jpg,1745.jpg
000157804.jpg,1746.jpg
000157805.jpg,1747.jpg
000157806.jpg,1748.jpg
000157807.jpg,1749.jpg
000157808.jpg,1750.jpg
000157809.jpg,1751.jpg
000157811.jpg,1752.jpg
000157814.jpg,1753.jpg
000157815.jpg,1754.jpg
000157817.jpg,1755.jpg
000157818.jpg,1756.jpg
000157819.jpg,1757.jpg
000157821.jpg,1758.jpg
000157822.jpg,1759.jpg
000157823.jpg,1760.jpg
000157825.jpg,1761.jpg
000157826.jpg,1762.jpg
000157827.jpg,1763.jpg
000157828.jpg,1764.jpg
000157829.jpg,1765.jpg
000157830.jpg,1766.jpg
000157831.jpg,1767.jpg
000157832.jpg,1768.jpg
000157833.jpg,1769.jpg
000157834.jpg,1770.jpg
000157835.jpg,1771.jpg
000157836.jpg,1772.jpg
000157837.jpg,1773.jpg
000157839.jpg,1774.jpg
000157842.jpg,1775.jpg
000157844.jpg,1776.jpg
000157845.jpg,1777.jpg
000157847.jpg,1778.jpg
000157848.jpg,1779.jpg
000157851.jpg,1780.jpg
000157852.jpg,1781.jpg
000157854.jpg,1782.jpg
000157857.jpg,1783.jpg
000157859.jpg,1784.jpg
000157860.jpg,1785.jpg
000157861.jpg,1786.jpg
000157862.jpg,1787.jpg
000157863.jpg,1788.jpg
000157864.jpg,1789.jpg
000157866.jpg,1790.jpg
000157867.jpg,1791.jpg
000157868.jpg,1792.jpg
000157869.jpg,1793.jpg
000157872.jpg,1794.jpg
000157873.jpg,1795.jpg
000157874.jpg,1796.jpg
000157875.jpg,1797.jpg
000157876.jpg,1798.jpg
000157877.jpg,1799.jpg
000157878.jpg,1800.jpg
000157880.jpg,1801.jpg
000157881.jpg,1802.jpg
000157882.jpg,1803.jpg
000157884.jpg,1804.jpg
000157885.jpg,1805.jpg
000157887.jpg,1806.jpg
000157889.jpg,1807.jpg
000157890.jpg,1808.jpg
000157891.jpg,1809.jpg
000157892.jpg,1810.jpg
000157893.jpg,1811.jpg
000157894.jpg,1812.jpg
000157895.jpg,1813.jpg
000157896.jpg,1814.jpg
000157897.jpg,1815.jpg
000157898.jpg,1816.jpg
000157899.jpg,1817.jpg
000157900.jpg,1818.jpg
000157901.jpg,1819.jpg
000157902.jpg,1820.jpg
000157903.jpg,1821.jpg
000157904.jpg,1822.jpg
000157906.jpg,1823.jpg
000157907.jpg,1824.jpg
000157910.jpg,1825.jpg
000157911.jpg,1826.jpg
000157912.jpg,1827.jpg
000157913.jpg,1828.jpg
000157914.jpg,1829.jpg
000157915.jpg,1830.jpg
000157918.jpg,1831.jpg
000157919.jpg,1832.jpg
000157920.jpg,1833.jpg
000157924.jpg,1834.jpg
000157926.jpg,1835.jpg
000157928.jpg,1836.jpg
000157930.jpg,1837.jpg
000157931.jpg,1838.jpg
000157932.jpg,1839.jpg
000157935.jpg,1840.jpg
000157936.jpg,1841.jpg
000157937.jpg,1842.jpg
000157940.jpg,1843.jpg
000157941.jpg,1844.jpg
000157942.jpg,1845.jpg
000157943.jpg,1846.jpg
000157945.jpg,1847.jpg
000157947.jpg,1848.jpg
000157949.jpg,1849.jpg
000157951.jpg,1850.jpg
000157953.jpg,1851.jpg
000157954.jpg,1852.jpg
000157955.jpg,1853.jpg
000157957.jpg,1854.jpg
000157960.jpg,1855.jpg
000157961.jpg,1856.jpg
000157963.jpg,1857.jpg
000157964.jpg,1858.jpg
000157965.jpg,1859.jpg
000157966.jpg,1860.jpg
000157967.jpg,1861.jpg
000157970.jpg,1862.jpg
000157972.jpg,1863.jpg
000157975.jpg,1864.jpg
000157977.jpg,1865.jpg
000157978.jpg,1866.jpg
000157980.jpg,1867.jpg
000157981.jpg,1868.jpg
000157982.jpg,1869.jpg
000157985.jpg,1870.jpg
000157987.jpg,1871.jpg
000157988.jpg,1872.jpg
000157990.jpg,1873.jpg
000157993.jpg,1874.jpg
000157994.jpg,1875.jpg
000157995.jpg,1876.jpg
000157996.jpg,1877.jpg
000157998.jpg,1878.jpg
000157999.jpg,1879.jpg
000158001.jpg,1880.jpg
000158003.jpg,1881.jpg
000158004.jpg,1882.jpg
000158005.jpg,1883.jpg
000158006.jpg,1884.jpg
000158007.jpg,1885.jpg
000158008.jpg,1886.jpg
000158010.jpg,1887.jpg
000158011.jpg,1888.jpg
000158012.jpg,1889.jpg
000158013.jpg,1890.jpg
000158014.jpg,1891.jpg
000158015.jpg,1892.jpg
000158016.jpg,1893.jpg
000158017.jpg,1894.jpg
000158018.jpg,1895.jpg
000158020.jpg,1896.jpg
000158022.jpg,1897.jpg
000158023.jpg,1898.jpg
000158024.jpg,1899.jpg
000158025.jpg,1900.jpg
000158026.jpg,1901.jpg
000158027.jpg,1902.jpg
000158029.jpg,1903.jpg
000158030.jpg,1904.jpg
000158031.jpg,1905.jpg
000158033.jpg,1906.jpg
000158034.jpg,1907.jpg
000158035.jpg,1908.jpg
000158039.jpg,1909.jpg
000158040.jpg,1910.jpg
000158041.jpg,1911.jpg
000158042.jpg,1912.jpg
000158043.jpg,1913.jpg
000158044.jpg,1914.jpg
000158051.jpg,1915.jpg
000158052.jpg,1916.jpg
000158054.jpg,1917.jpg
000158055.jpg,1918.jpg
000158056.jpg,1919.jpg
000158057.jpg,1920.jpg
000158059.jpg,1921.jpg
000158060.jpg,1922.jpg
000158062.jpg,1923.jpg
000158063.jpg,1924.jpg
000158064.jpg,1925.jpg
000158065.jpg,1926.jpg
000158067.jpg,1927.jpg
000158069.jpg,1928.jpg
000158071.jpg,1929.jpg
000158072.jpg,1930.jpg
000158073.jpg,1931.jpg
000158074.jpg,1932.jpg
000158076.jpg,1933.jpg
000158077.jpg,1934.jpg
000158078.jpg,1935.jpg
000158079.jpg,1936.jpg
000158080.jpg,1937.jpg
000158081.jpg,1938.jpg
000158082.jpg,1939.jpg
000158085.jpg,1940.jpg
000158086.jpg,1941.jpg
000158087.jpg,1942.jpg
000158089.jpg,1943.jpg
000158090.jpg,1944.jpg
000158091.jpg,1945.jpg
000158093.jpg,1946.jpg
000158095.jpg,1947.jpg
000158096.jpg,1948.jpg
000158097.jpg,1949.jpg
000158100.jpg,1950.jpg
000158102.jpg,1951.jpg
000158103.jpg,1952.jpg
000158105.jpg,1953.jpg
000158106.jpg,1954.jpg
000158107.jpg,1955.jpg
000158109.jpg,1956.jpg
000158110.jpg,1957.jpg
000158111.jpg,1958.jpg
000158113.jpg,1959.jpg
000158114.jpg,1960.jpg
000158116.jpg,1961.jpg
000158117.jpg,1962.jpg
000158118.jpg,1963.jpg
000158119.jpg,1964.jpg
000158121.jpg,1965.jpg
000158123.jpg,1966.jpg
000158124.jpg,1967.jpg
000158125.jpg,1968.jpg
000158126.jpg,1969.jpg
000158127.jpg,1970.jpg
000158128.jpg,1971.jpg
000158129.jpg,1972.jpg
000158130.jpg,1973.jpg
000158131.jpg,1974.jpg
000158132.jpg,1975.jpg
000158136.jpg,1976.jpg
000158137.jpg,1977.jpg
000158139.jpg,1978.jpg
000158142.jpg,1979.jpg
000158143.jpg,1980.jpg
000158144.jpg,1981.jpg
000158145.jpg,1982.jpg
000158146.jpg,1983.jpg
000158148.jpg,1984.jpg
000158149.jpg,1985.jpg
000158150.jpg,1986.jpg
000158151.jpg,1987.jpg
000158152.jpg,1988.jpg
000158154.jpg,1989.jpg
000158155.jpg,1990.jpg
000158157.jpg,1991.jpg
000158159.jpg,1992.jpg
000158160.jpg,1993.jpg
000158161.jpg,1994.jpg
000158162.jpg,1995.jpg
000158163.jpg,1996.jpg
000158164.jpg,1997.jpg
000158165.jpg,1998.jpg
000158166.jpg,1999.jpg
000158167.jpg,2000.jpg
000158169.jpg,2001.jpg
000158170.jpg,2002.jpg
000158172.jpg,2003.jpg
000158174.jpg,2004.jpg
000158176.jpg,2005.jpg
000158177.jpg,2006.jpg
000158178.jpg,2007.jpg
000158180.jpg,2008.jpg
000158181.jpg,2009.jpg
000158182.jpg,2010.jpg
000158185.jpg,2011.jpg
000158187.jpg,2012.jpg
000158188.jpg,2013.jpg
000158190.jpg,2014.jpg
000158193.jpg,2015.jpg
000158194.jpg,2016.jpg
000158195.jpg,2017.jpg
000158196.jpg,2018.jpg
000158197.jpg,2019.jpg
000158198.jpg,2020.jpg
000158199.jpg,2021.jpg
000158201.jpg,2022.jpg
000158202.jpg,2023.jpg
000158204.jpg,2024.jpg
000158206.jpg,2025.jpg
000158207.jpg,2026.jpg
000158209.jpg,2027.jpg
000158210.jpg,2028.jpg
000158211.jpg,2029.jpg
000158213.jpg,2030.jpg
000158214.jpg,2031.jpg
000158215.jpg,2032.jpg
000158216.jpg,2033.jpg
000158217.jpg,2034.jpg
000158218.jpg,2035.jpg
000158219.jpg,2036.jpg
000158222.jpg,2037.jpg
000158223.jpg,2038.jpg
000158224.jpg,2039.jpg
000158226.jpg,2040.jpg
000158228.jpg,2041.jpg
000158229.jpg,2042.jpg
000158230.jpg,2043.jpg
000158231.jpg,2044.jpg
000158233.jpg,2045.jpg
000158234.jpg,2046.jpg
000158235.jpg,2047.jpg
000158236.jpg,2048.jpg
000158237.jpg,2049.jpg
000158239.jpg,2050.jpg
000158243.jpg,2051.jpg
000158244.jpg,2052.jpg
000158246.jpg,2053.jpg
000158247.jpg,2054.jpg
000158248.jpg,2055.jpg
000158249.jpg,2056.jpg
000158251.jpg,2057.jpg
000158252.jpg,2058.jpg
000158253.jpg,2059.jpg
000158254.jpg,2060.jpg
000158255.jpg,2061.jpg
000158257.jpg,2062.jpg
000158258.jpg,2063.jpg
000158259.jpg,2064.jpg
000158260.jpg,2065.jpg
000158261.jpg,2066.jpg
000158263.jpg,2067.jpg
000158264.jpg,2068.jpg
000158265.jpg,2069.jpg
000158266.jpg,2070.jpg
000158267.jpg,2071.jpg
000158268.jpg,2072.jpg
000158269.jpg,2073.jpg
000158270.jpg,2074.jpg
000158271.jpg,2075.jpg
000158272.jpg,2076.jpg
000158273.jpg,2077.jpg
000158274.jpg,2078.jpg
000158276.jpg,2079.jpg
000158278.jpg,2080.jpg
000158279.jpg,2081.jpg
000158280.jpg,2082.jpg
000158284.jpg,2083.jpg
000158286.jpg,2084.jpg
000158288.jpg,2085.jpg
000158289.jpg,2086.jpg
000158291.jpg,2087.jpg
000158292.jpg,2088.jpg
000158293.jpg,2089.jpg
000158295.jpg,2090.jpg
000158296.jpg,2091.jpg
000158297.jpg,2092.jpg
000158299.jpg,2093.jpg
000158300.jpg,2094.jpg
000158301.jpg,2095.jpg
000158302.jpg,2096.jpg
000158305.jpg,2097.jpg
000158306.jpg,2098.jpg
000158307.jpg,2099.jpg
000158308.jpg,2100.jpg
000158310.jpg,2101.jpg
000158311.jpg,2102.jpg
000158313.jpg,2103.jpg
000158314.jpg,2104.jpg
000158316.jpg,2105.jpg
000158317.jpg,2106.jpg
000158318.jpg,2107.jpg
000158319.jpg,2108.jpg
000158320.jpg,2109.jpg
000158322.jpg,2110.jpg
000158324.jpg,2111.jpg
000158326.jpg,2112.jpg
000158327.jpg,2113.jpg
000158328.jpg,2114.jpg
000158329.jpg,2115.jpg
000158330.jpg,2116.jpg
000158331.jpg,2117.jpg
000158332.jpg,2118.jpg
000158333.jpg,2119.jpg
000158334.jpg,2120.jpg
000158335.jpg,2121.jpg
000158336.jpg,2122.jpg
000158337.jpg,2123.jpg
000158338.jpg,2124.jpg
000158339.jpg,2125.jpg
000158340.jpg,2126.jpg
000158341.jpg,2127.jpg
000158343.jpg,2128.jpg
000158344.jpg,2129.jpg
000158345.jpg,2130.jpg
000158346.jpg,2131.jpg
000158347.jpg,2132.jpg
000158348.jpg,2133.jpg
000158350.jpg,2134.jpg
000158351.jpg,2135.jpg
000158353.jpg,2136.jpg
000158354.jpg,2137.jpg
000158355.jpg,2138.jpg
000158356.jpg,2139.jpg
000158357.jpg,2140.jpg
000158358.jpg,2141.jpg
000158360.jpg,2142.jpg
000158361.jpg,2143.jpg
000158362.jpg,2144.jpg
000158363.jpg,2145.jpg
000158364.jpg,2146.jpg
000158365.jpg,2147.jpg
000158366.jpg,2148.jpg
000158367.jpg,2149.jpg
000158368.jpg,2150.jpg
000158369.jpg,2151.jpg
000158371.jpg,2152.jpg
000158373.jpg,2153.jpg
000158374.jpg,2154.jpg
000158375.jpg,2155.jpg
000158376.jpg,2156.jpg
000158377.jpg,2157.jpg
000158378.jpg,2158.jpg
000158379.jpg,2159.jpg
000158380.jpg,2160.jpg
000158381.jpg,2161.jpg
000158385.jpg,2162.jpg
000158387.jpg,2163.jpg
000158388.jpg,2164.jpg
000158390.jpg,2165.jpg
000158391.jpg,2166.jpg
000158392.jpg,2167.jpg
000158393.jpg,2168.jpg
000158394.jpg,2169.jpg
000158395.jpg,2170.jpg
000158397.jpg,2171.jpg
000158398.jpg,2172.jpg
000158402.jpg,2173.jpg
000158403.jpg,2174.jpg
000158404.jpg,2175.jpg
000158405.jpg,2176.jpg
000158406.jpg,2177.jpg
000158409.jpg,2178.jpg
000158410.jpg,2179.jpg
000158412.jpg,2180.jpg
000158414.jpg,2181.jpg
000158415.jpg,2182.jpg
000158416.jpg,2183.jpg
000158417.jpg,2184.jpg
000158418.jpg,2185.jpg
000158419.jpg,2186.jpg
000158421.jpg,2187.jpg
000158423.jpg,2188.jpg
000158424.jpg,2189.jpg
000158426.jpg,2190.jpg
000158428.jpg,2191.jpg
000158429.jpg,2192.jpg
000158430.jpg,2193.jpg
000158432.jpg,2194.jpg
000158434.jpg,2195.jpg
000158435.jpg,2196.jpg
000158437.jpg,2197.jpg
000158438.jpg,2198.jpg
000158439.jpg,2199.jpg
000158440.jpg,2200.jpg
000158441.jpg,2201.jpg
000158444.jpg,2202.jpg
000158445.jpg,2203.jpg
000158446.jpg,2204.jpg
000158447.jpg,2205.jpg
000158448.jpg,2206.jpg
000158449.jpg,2207.jpg
000158451.jpg,2208.jpg
000158453.jpg,2209.jpg
000158454.jpg,2210.jpg
000158455.jpg,2211.jpg
000158457.jpg,2212.jpg
000158458.jpg,2213.jpg
000158459.jpg,2214.jpg
000158462.jpg,2215.jpg
000158463.jpg,2216.jpg
000158465.jpg,2217.jpg
000158466.jpg,2218.jpg
000158467.jpg,2219.jpg
000158468.jpg,2220.jpg
000158469.jpg,2221.jpg
000158470.jpg,2222.jpg
000158472.jpg,2223.jpg
000158473.jpg,2224.jpg
000158474.jpg,2225.jpg
000158475.jpg,2226.jpg
000158477.jpg,2227.jpg
000158478.jpg,2228.jpg
000158481.jpg,2229.jpg
000158482.jpg,2230.jpg
000158484.jpg,2231.jpg
000158485.jpg,2232.jpg
000158486.jpg,2233.jpg
000158489.jpg,2234.jpg
000158490.jpg,2235.jpg
000158491.jpg,2236.jpg
000158493.jpg,2237.jpg
000158495.jpg,2238.jpg
000158499.jpg,2239.jpg
000158500.jpg,2240.jpg
000158501.jpg,2241.jpg
000158502.jpg,2242.jpg
000158503.jpg,2243.jpg
000158505.jpg,2244.jpg
000158506.jpg,2245.jpg
000158507.jpg,2246.jpg
000158508.jpg,2247.jpg
000158509.jpg,2248.jpg
000158511.jpg,2249.jpg
000158513.jpg,2250.jpg
000158515.jpg,2251.jpg
000158516.jpg,2252.jpg
000158518.jpg,2253.jpg
000158520.jpg,2254.jpg
000158522.jpg,2255.jpg
000158523.jpg,2256.jpg
000158524.jpg,2257.jpg
000158525.jpg,2258.jpg
000158526.jpg,2259.jpg
000158529.jpg,2260.jpg
000158530.jpg,2261.jpg
000158531.jpg,2262.jpg
000158533.jpg,2263.jpg
000158536.jpg,2264.jpg
000158537.jpg,2265.jpg
000158540.jpg,2266.jpg
000158542.jpg,2267.jpg
000158543.jpg,2268.jpg
000158544.jpg,2269.jpg
000158545.jpg,2270.jpg
000158547.jpg,2271.jpg
000158548.jpg,2272.jpg
000158552.jpg,2273.jpg
000158553.jpg,2274.jpg
000158556.jpg,2275.jpg
000158557.jpg,2276.jpg
000158558.jpg,2277.jpg
000158559.jpg,2278.jpg
000158560.jpg,2279.jpg
000158561.jpg,2280.jpg
000158562.jpg,2281.jpg
000158563.jpg,2282.jpg
000158564.jpg,2283.jpg
000158567.jpg,2284.jpg
000158568.jpg,2285.jpg
000158569.jpg,2286.jpg
000158570.jpg,2287.jpg
000158572.jpg,2288.jpg
000158573.jpg,2289.jpg
000158574.jpg,2290.jpg
000158575.jpg,2291.jpg
000158577.jpg,2292.jpg
000158578.jpg,2293.jpg
000158580.jpg,2294.jpg
000158582.jpg,2295.jpg
000158583.jpg,2296.jpg
000158586.jpg,2297.jpg
000158587.jpg,2298.jpg
000158588.jpg,2299.jpg
000158589.jpg,2300.jpg
000158590.jpg,2301.jpg
000158593.jpg,2302.jpg
000158594.jpg,2303.jpg
000158595.jpg,2304.jpg
000158597.jpg,2305.jpg
000158600.jpg,2306.jpg
000158601.jpg,2307.jpg
000158602.jpg,2308.jpg
000158603.jpg,2309.jpg
000158604.jpg,2310.jpg
000158605.jpg,2311.jpg
000158606.jpg,2312.jpg
000158608.jpg,2313.jpg
000158612.jpg,2314.jpg
000158615.jpg,2315.jpg
000158616.jpg,2316.jpg
000158617.jpg,2317.jpg
000158618.jpg,2318.jpg
000158621.jpg,2319.jpg
000158623.jpg,2320.jpg
000158624.jpg,2321.jpg
000158625.jpg,2322.jpg
000158627.jpg,2323.jpg
000158628.jpg,2324.jpg
000158629.jpg,2325.jpg
000158630.jpg,2326.jpg
000158631.jpg,2327.jpg
000158633.jpg,2328.jpg
000158634.jpg,2329.jpg
000158636.jpg,2330.jpg
000158637.jpg,2331.jpg
000158639.jpg,2332.jpg
000158640.jpg,2333.jpg
000158641.jpg,2334.jpg
000158643.jpg,2335.jpg
000158644.jpg,2336.jpg
000158646.jpg,2337.jpg
000158648.jpg,2338.jpg
000158649.jpg,2339.jpg
000158651.jpg,2340.jpg
000158653.jpg,2341.jpg
000158654.jpg,2342.jpg
000158655.jpg,2343.jpg
000158656.jpg,2344.jpg
000158657.jpg,2345.jpg
000158660.jpg,2346.jpg
000158662.jpg,2347.jpg
000158663.jpg,2348.jpg
000158664.jpg,2349.jpg
000158668.jpg,2350.jpg
000158669.jpg,2351.jpg
000158670.jpg,2352.jpg
000158671.jpg,2353.jpg
000158672.jpg,2354.jpg
000158673.jpg,2355.jpg
000158674.jpg,2356.jpg
000158676.jpg,2357.jpg
000158677.jpg,2358.jpg
000158678.jpg,2359.jpg
000158679.jpg,2360.jpg
000158681.jpg,2361.jpg
000158682.jpg,2362.jpg
000158683.jpg,2363.jpg
000158684.jpg,2364.jpg
000158685.jpg,2365.jpg
000158687.jpg,2366.jpg
000158688.jpg,2367.jpg
000158689.jpg,2368.jpg
000158690.jpg,2369.jpg
000158693.jpg,2370.jpg
000158696.jpg,2371.jpg
000158697.jpg,2372.jpg
000158698.jpg,2373.jpg
000158700.jpg,2374.jpg
000158701.jpg,2375.jpg
000158703.jpg,2376.jpg
000158705.jpg,2377.jpg
000158706.jpg,2378.jpg
000158710.jpg,2379.jpg
000158711.jpg,2380.jpg
000158713.jpg,2381.jpg
000158714.jpg,2382.jpg
000158715.jpg,2383.jpg
000158717.jpg,2384.jpg
000158718.jpg,2385.jpg
000158720.jpg,2386.jpg
000158721.jpg,2387.jpg
000158723.jpg,2388.jpg
000158726.jpg,2389.jpg
000158728.jpg,2390.jpg
000158729.jpg,2391.jpg
000158730.jpg,2392.jpg
000158731.jpg,2393.jpg
000158732.jpg,2394.jpg
000158735.jpg,2395.jpg
000158736.jpg,2396.jpg
000158738.jpg,2397.jpg
000158740.jpg,2398.jpg
000158741.jpg,2399.jpg
000158744.jpg,2400.jpg
000158745.jpg,2401.jpg
000158746.jpg,2402.jpg
000158750.jpg,2403.jpg
000158751.jpg,2404.jpg
000158752.jpg,2405.jpg
000158753.jpg,2406.jpg
000158754.jpg,2407.jpg
000158756.jpg,2408.jpg
000158758.jpg,2409.jpg
000158759.jpg,2410.jpg
000158760.jpg,2411.jpg
000158761.jpg,2412.jpg
000158762.jpg,2413.jpg
000158763.jpg,2414.jpg
000158764.jpg,2415.jpg
000158765.jpg,2416.jpg
000158767.jpg,2417.jpg
000158768.jpg,2418.jpg
000158769.jpg,2419.jpg
000158770.jpg,2420.jpg
000158771.jpg,2421.jpg
000158772.jpg,2422.jpg
000158774.jpg,2423.jpg
000158777.jpg,2424.jpg
000158780.jpg,2425.jpg
000158781.jpg,2426.jpg
000158782.jpg,2427.jpg
000158783.jpg,2428.jpg
000158784.jpg,2429.jpg
000158785.jpg,2430.jpg
000158786.jpg,2431.jpg
000158787.jpg,2432.jpg
000158788.jpg,2433.jpg
000158790.jpg,2434.jpg
000158791.jpg,2435.jpg
000158792.jpg,2436.jpg
000158793.jpg,2437.jpg
000158795.jpg,2438.jpg
000158796.jpg,2439.jpg
000158797.jpg,2440.jpg
000158798.jpg,2441.jpg
000158799.jpg,2442.jpg
000158801.jpg,2443.jpg
000158802.jpg,2444.jpg
000158803.jpg,2445.jpg
000158804.jpg,2446.jpg
000158805.jpg,2447.jpg
000158806.jpg,2448.jpg
000158807.jpg,2449.jpg
000158808.jpg,2450.jpg
000158809.jpg,2451.jpg
000158811.jpg,2452.jpg
000158813.jpg,2453.jpg
000158816.jpg,2454.jpg
000158818.jpg,2455.jpg
000158820.jpg,2456.jpg
000158822.jpg,2457.jpg
000158823.jpg,2458.jpg
000158825.jpg,2459.jpg
000158826.jpg,2460.jpg
000158828.jpg,2461.jpg
000158830.jpg,2462.jpg
000158831.jpg,2463.jpg
000158832.jpg,2464.jpg
000158833.jpg,2465.jpg
000158834.jpg,2466.jpg
000158837.jpg,2467.jpg
000158841.jpg,2468.jpg
000158842.jpg,2469.jpg
000158843.jpg,2470.jpg
000158844.jpg,2471.jpg
000158847.jpg,2472.jpg
000158848.jpg,2473.jpg
000158849.jpg,2474.jpg
000158850.jpg,2475.jpg
000158852.jpg,2476.jpg
000158856.jpg,2477.jpg
000158857.jpg,2478.jpg
000158860.jpg,2479.jpg
000158861.jpg,2480.jpg
000158862.jpg,2481.jpg
000158863.jpg,2482.jpg
000158864.jpg,2483.jpg
000158865.jpg,2484.jpg
000158866.jpg,2485.jpg
000158867.jpg,2486.jpg
000158868.jpg,2487.jpg
000158869.jpg,2488.jpg
000158872.jpg,2489.jpg
000158873.jpg,2490.jpg
000158874.jpg,2491.jpg
000158876.jpg,2492.jpg
000158877.jpg,2493.jpg
000158882.jpg,2494.jpg
000158884.jpg,2495.jpg
000158885.jpg,2496.jpg
000158886.jpg,2497.jpg
000158887.jpg,2498.jpg
000158890.jpg,2499.jpg
000158891.jpg,2500.jpg
000158893.jpg,2501.jpg
000158895.jpg,2502.jpg
000158896.jpg,2503.jpg
000158897.jpg,2504.jpg
000158898.jpg,2505.jpg
000158899.jpg,2506.jpg
000158901.jpg,2507.jpg
000158902.jpg,2508.jpg
000158904.jpg,2509.jpg
000158905.jpg,2510.jpg
000158906.jpg,2511.jpg
000158907.jpg,2512.jpg
000158908.jpg,2513.jpg
000158909.jpg,2514.jpg
000158912.jpg,2515.jpg
000158913.jpg,2516.jpg
000158914.jpg,2517.jpg
000158915.jpg,2518.jpg
000158917.jpg,2519.jpg
000158919.jpg,2520.jpg
000158921.jpg,2521.jpg
000158922.jpg,2522.jpg
000158923.jpg,2523.jpg
000158924.jpg,2524.jpg
000158925.jpg,2525.jpg
000158927.jpg,2526.jpg
000158932.jpg,2527.jpg
000158933.jpg,2528.jpg
000158938.jpg,2529.jpg
000158939.jpg,2530.jpg
000158940.jpg,2531.jpg
000158941.jpg,2532.jpg
000158942.jpg,2533.jpg
000158944.jpg,2534.jpg
000158945.jpg,2535.jpg
000158946.jpg,2536.jpg
000158947.jpg,2537.jpg
000158948.jpg,2538.jpg
000158949.jpg,2539.jpg
000158950.jpg,2540.jpg
000158952.jpg,2541.jpg
000158955.jpg,2542.jpg
000158957.jpg,2543.jpg
000158958.jpg,2544.jpg
000158960.jpg,2545.jpg
000158962.jpg,2546.jpg
000158963.jpg,2547.jpg
000158964.jpg,2548.jpg
000158966.jpg,2549.jpg
000158969.jpg,2550.jpg
000158970.jpg,2551.jpg
000158973.jpg,2552.jpg
000158975.jpg,2553.jpg
000158976.jpg,2554.jpg
000158978.jpg,2555.jpg
000158979.jpg,2556.jpg
000158980.jpg,2557.jpg
000158981.jpg,2558.jpg
000158982.jpg,2559.jpg
000158983.jpg,2560.jpg
000158985.jpg,2561.jpg
000158986.jpg,2562.jpg
000158987.jpg,2563.jpg
000158989.jpg,2564.jpg
000158990.jpg,2565.jpg
000158993.jpg,2566.jpg
000158994.jpg,2567.jpg
000158995.jpg,2568.jpg
000158996.jpg,2569.jpg
000158997.jpg,2570.jpg
000158998.jpg,2571.jpg
000158999.jpg,2572.jpg
000159000.jpg,2573.jpg
000159001.jpg,2574.jpg
000159003.jpg,2575.jpg
000159004.jpg,2576.jpg
000159006.jpg,2577.jpg
000159008.jpg,2578.jpg
000159010.jpg,2579.jpg
000159011.jpg,2580.jpg
000159013.jpg,2581.jpg
000159015.jpg,2582.jpg
000159017.jpg,2583.jpg
000159018.jpg,2584.jpg
000159019.jpg,2585.jpg
000159021.jpg,2586.jpg
000159023.jpg,2587.jpg
000159025.jpg,2588.jpg
000159026.jpg,2589.jpg
000159027.jpg,2590.jpg
000159029.jpg,2591.jpg
000159030.jpg,2592.jpg
000159031.jpg,2593.jpg
000159033.jpg,2594.jpg
000159034.jpg,2595.jpg
000159036.jpg,2596.jpg
000159038.jpg,2597.jpg
000159039.jpg,2598.jpg
000159041.jpg,2599.jpg
000159042.jpg,2600.jpg
000159043.jpg,2601.jpg
000159044.jpg,2602.jpg
000159046.jpg,2603.jpg
000159049.jpg,2604.jpg
000159051.jpg,2605.jpg
000159053.jpg,2606.jpg
000159054.jpg,2607.jpg
000159055.jpg,2608.jpg
000159056.jpg,2609.jpg
000159057.jpg,2610.jpg
000159058.jpg,2611.jpg
000159059.jpg,2612.jpg
000159060.jpg,2613.jpg
000159061.jpg,2614.jpg
000159062.jpg,2615.jpg
000159063.jpg,2616.jpg
000159064.jpg,2617.jpg
000159065.jpg,2618.jpg
000159066.jpg,2619.jpg
000159067.jpg,2620.jpg
000159068.jpg,2621.jpg
000159069.jpg,2622.jpg
000159070.jpg,2623.jpg
000159071.jpg,2624.jpg
000159072.jpg,2625.jpg
000159073.jpg,2626.jpg
000159074.jpg,2627.jpg
000159075.jpg,2628.jpg
000159076.jpg,2629.jpg
000159077.jpg,2630.jpg
000159080.jpg,2631.jpg
000159081.jpg,2632.jpg
000159084.jpg,2633.jpg
000159085.jpg,2634.jpg
000159086.jpg,2635.jpg
000159087.jpg,2636.jpg
000159088.jpg,2637.jpg
000159089.jpg,2638.jpg
000159090.jpg,2639.jpg
000159093.jpg,2640.jpg
000159094.jpg,2641.jpg
000159095.jpg,2642.jpg
000159097.jpg,2643.jpg
000159099.jpg,2644.jpg
000159102.jpg,2645.jpg
000159105.jpg,2646.jpg
000159106.jpg,2647.jpg
000159107.jpg,2648.jpg
000159109.jpg,2649.jpg
000159110.jpg,2650.jpg
000159112.jpg,2651.jpg
000159113.jpg,2652.jpg
000159114.jpg,2653.jpg
000159115.jpg,2654.jpg
000159116.jpg,2655.jpg
000159118.jpg,2656.jpg
000159119.jpg,2657.jpg
000159120.jpg,2658.jpg
000159122.jpg,2659.jpg
000159123.jpg,2660.jpg
000159124.jpg,2661.jpg
000159126.jpg,2662.jpg
000159128.jpg,2663.jpg
000159129.jpg,2664.jpg
000159130.jpg,2665.jpg
000159131.jpg,2666.jpg
000159132.jpg,2667.jpg
000159133.jpg,2668.jpg
000159135.jpg,2669.jpg
000159136.jpg,2670.jpg
000159137.jpg,2671.jpg
000159138.jpg,2672.jpg
000159140.jpg,2673.jpg
000159142.jpg,2674.jpg
000159143.jpg,2675.jpg
000159144.jpg,2676.jpg
000159146.jpg,2677.jpg
000159147.jpg,2678.jpg
000159148.jpg,2679.jpg
000159149.jpg,2680.jpg
000159151.jpg,2681.jpg
000264370.jpg,2682.jpg
000264371.jpg,2683.jpg
000264372.jpg,2684.jpg
000264376.jpg,2685.jpg
000264379.jpg,2686.jpg
000264380.jpg,2687.jpg
000264382.jpg,2688.jpg
000264383.jpg,2689.jpg
000264384.jpg,2690.jpg
000264385.jpg,2691.jpg
000264386.jpg,2692.jpg
000264388.jpg,2693.jpg
000264389.jpg,2694.jpg
000264391.jpg,2695.jpg
000264394.jpg,2696.jpg
000264395.jpg,2697.jpg
000264396.jpg,2698.jpg
000264397.jpg,2699.jpg
000264399.jpg,2700.jpg
000264400.jpg,2701.jpg
000264401.jpg,2702.jpg
000264404.jpg,2703.jpg
000264406.jpg,2704.jpg
000264407.jpg,2705.jpg
000264408.jpg,2706.jpg
000264409.jpg,2707.jpg
000264414.jpg,2708.jpg
000264416.jpg,2709.jpg
000264418.jpg,2710.jpg
000264422.jpg,2711.jpg
000264424.jpg,2712.jpg
000264425.jpg,2713.jpg
000264426.jpg,2714.jpg
000264427.jpg,2715.jpg
000264429.jpg,2716.jpg
000264430.jpg,2717.jpg
000264432.jpg,2718.jpg
000264433.jpg,2719.jpg
000264434.jpg,2720.jpg
000264436.jpg,2721.jpg
000264437.jpg,2722.jpg
000264438.jpg,2723.jpg
000264440.jpg,2724.jpg
000264441.jpg,2725.jpg
000264442.jpg,2726.jpg
000264443.jpg,2727.jpg
000264444.jpg,2728.jpg
000264446.jpg,2729.jpg
000264447.jpg,2730.jpg
000264449.jpg,2731.jpg
000264451.jpg,2732.jpg
000264452.jpg,2733.jpg
000264453.jpg,2734.jpg
000264454.jpg,2735.jpg
000264455.jpg,2736.jpg
000264456.jpg,2737.jpg
000264458.jpg,2738.jpg
000264459.jpg,2739.jpg
000264460.jpg,2740.jpg
000264461.jpg,2741.jpg
000264463.jpg,2742.jpg
000264465.jpg,2743.jpg
000264466.jpg,2744.jpg
000264467.jpg,2745.jpg
000264468.jpg,2746.jpg
000264469.jpg,2747.jpg
000264470.jpg,2748.jpg
000264472.jpg,2749.jpg
000264473.jpg,2750.jpg
000264474.jpg,2751.jpg
000264476.jpg,2752.jpg
000264477.jpg,2753.jpg
000264479.jpg,2754.jpg
000264480.jpg,2755.jpg
000264481.jpg,2756.jpg
000264482.jpg,2757.jpg
000264483.jpg,2758.jpg
000264484.jpg,2759.jpg
000264485.jpg,2760.jpg
000264486.jpg,2761.jpg
000264487.jpg,2762.jpg
000264489.jpg,2763.jpg
000264491.jpg,2764.jpg
000264493.jpg,2765.jpg
000264495.jpg,2766.jpg
000264496.jpg,2767.jpg
000264497.jpg,2768.jpg
000264498.jpg,2769.jpg
000264499.jpg,2770.jpg
000264500.jpg,2771.jpg
000264501.jpg,2772.jpg
000264503.jpg,2773.jpg
000264504.jpg,2774.jpg
000264505.jpg,2775.jpg
000264506.jpg,2776.jpg
000264507.jpg,2777.jpg
000264508.jpg,2778.jpg
000264511.jpg,2779.jpg
000264512.jpg,2780.jpg
000264513.jpg,2781.jpg
000264516.jpg,2782.jpg
000264519.jpg,2783.jpg
000264521.jpg,2784.jpg
000264522.jpg,2785.jpg
000264523.jpg,2786.jpg
000264524.jpg,2787.jpg
000264525.jpg,2788.jpg
000264527.jpg,2789.jpg
000264528.jpg,2790.jpg
000264530.jpg,2791.jpg
000264531.jpg,2792.jpg
000264532.jpg,2793.jpg
000264533.jpg,2794.jpg
000264535.jpg,2795.jpg
000264536.jpg,2796.jpg
000264537.jpg,2797.jpg
000264538.jpg,2798.jpg
000264539.jpg,2799.jpg
000264541.jpg,2800.jpg
000264542.jpg,2801.jpg
000264543.jpg,2802.jpg
000264544.jpg,2803.jpg
000264545.jpg,2804.jpg
000264546.jpg,2805.jpg
000264547.jpg,2806.jpg
000264549.jpg,2807.jpg
000264551.jpg,2808.jpg
000264552.jpg,2809.jpg
000264553.jpg,2810.jpg
000264554.jpg,2811.jpg
000264555.jpg,2812.jpg
000264556.jpg,2813.jpg
000264557.jpg,2814.jpg
000264558.jpg,2815.jpg
000264559.jpg,2816.jpg
000264560.jpg,2817.jpg
000264563.jpg,2818.jpg
000264565.jpg,2819.jpg
000264566.jpg,2820.jpg
000264567.jpg,2821.jpg
000264568.jpg,2822.jpg
000264570.jpg,2823.jpg
000264571.jpg,2824.jpg
000264574.jpg,2825.jpg
000264577.jpg,2826.jpg
000264579.jpg,2827.jpg
000264580.jpg,2828.jpg
000264581.jpg,2829.jpg
000264582.jpg,2830.jpg
000264586.jpg,2831.jpg
000264587.jpg,2832.jpg
000264588.jpg,2833.jpg
000264589.jpg,2834.jpg
000264590.jpg,2835.jpg
000264591.jpg,2836.jpg
000264593.jpg,2837.jpg
000264594.jpg,2838.jpg
000264595.jpg,2839.jpg
000264596.jpg,2840.jpg
000264597.jpg,2841.jpg
000264598.jpg,2842.jpg
000264599.jpg,2843.jpg
000264600.jpg,2844.jpg
000264601.jpg,2845.jpg
000264602.jpg,2846.jpg
000264604.jpg,2847.jpg
000264605.jpg,2848.jpg
000264606.jpg,2849.jpg
000264607.jpg,2850.jpg
000264609.jpg,2851.jpg
000264611.jpg,2852.jpg
000264612.jpg,2853.jpg
000264615.jpg,2854.jpg
000264616.jpg,2855.jpg
000264617.jpg,2856.jpg
000264618.jpg,2857.jpg
000264619.jpg,2858.jpg
000264621.jpg,2859.jpg
000264622.jpg,2860.jpg
000264624.jpg,2861.jpg
000264625.jpg,2862.jpg
000264628.jpg,2863.jpg
000264630.jpg,2864.jpg
000264631.jpg,2865.jpg
000264632.jpg,2866.jpg
000264633.jpg,2867.jpg
000264634.jpg,2868.jpg
000264635.jpg,2869.jpg
000264636.jpg,2870.jpg
000264637.jpg,2871.jpg
000264640.jpg,2872.jpg
000264641.jpg,2873.jpg
000264643.jpg,2874.jpg
000264645.jpg,2875.jpg
000264647.jpg,2876.jpg
000264648.jpg,2877.jpg
000264649.jpg,2878.jpg
000264650.jpg,2879.jpg
000264653.jpg,2880.jpg
000264654.jpg,2881.jpg
000264655.jpg,2882.jpg
000264657.jpg,2883.jpg
000264658.jpg,2884.jpg
000264660.jpg,2885.jpg
000264661.jpg,2886.jpg
000264663.jpg,2887.jpg
000264664.jpg,2888.jpg
000264665.jpg,2889.jpg
000264666.jpg,2890.jpg
000264667.jpg,2891.jpg
000264668.jpg,2892.jpg
000264670.jpg,2893.jpg
000264671.jpg,2894.jpg
000264673.jpg,2895.jpg
000264674.jpg,2896.jpg
000264675.jpg,2897.jpg
000264676.jpg,2898.jpg
000264677.jpg,2899.jpg
000264678.jpg,2900.jpg
000264680.jpg,2901.jpg
000264681.jpg,2902.jpg
000264682.jpg,2903.jpg
000264683.jpg,2904.jpg
000264684.jpg,2905.jpg
000264685.jpg,2906.jpg
000264686.jpg,2907.jpg
000264687.jpg,2908.jpg
000264688.jpg,2909.jpg
000264691.jpg,2910.jpg
000264694.jpg,2911.jpg
000264696.jpg,2912.jpg
000264697.jpg,2913.jpg
000264698.jpg,2914.jpg
000264700.jpg,2915.jpg
000264701.jpg,2916.jpg
000264702.jpg,2917.jpg
000264703.jpg,2918.jpg
000264704.jpg,2919.jpg
000264706.jpg,2920.jpg
000264708.jpg,2921.jpg
000264712.jpg,2922.jpg
000264713.jpg,2923.jpg
000264714.jpg,2924.jpg
000264715.jpg,2925.jpg
000264716.jpg,2926.jpg
000264717.jpg,2927.jpg
000264719.jpg,2928.jpg
000264720.jpg,2929.jpg
000264721.jpg,2930.jpg
000264722.jpg,2931.jpg
000264725.jpg,2932.jpg
000264726.jpg,2933.jpg
000264728.jpg,2934.jpg
000264729.jpg,2935.jpg
000264733.jpg,2936.jpg
000264734.jpg,2937.jpg
000264736.jpg,2938.jpg
000264737.jpg,2939.jpg
000264739.jpg,2940.jpg
000264740.jpg,2941.jpg
000264741.jpg,2942.jpg
000264742.jpg,2943.jpg
000264743.jpg,2944.jpg
000264745.jpg,2945.jpg
000264746.jpg,2946.jpg
000264747.jpg,2947.jpg
000264748.jpg,2948.jpg
000264749.jpg,2949.jpg
000264750.jpg,2950.jpg
000264751.jpg,2951.jpg
000264752.jpg,2952.jpg
000264753.jpg,2953.jpg
000264754.jpg,2954.jpg
000264755.jpg,2955.jpg
000264756.jpg,2956.jpg
000264759.jpg,2957.jpg
000264761.jpg,2958.jpg
000264763.jpg,2959.jpg
000264764.jpg,2960.jpg
000264765.jpg,2961.jpg
000264766.jpg,2962.jpg
000264767.jpg,2963.jpg
000264768.jpg,2964.jpg
000264769.jpg,2965.jpg
000264771.jpg,2966.jpg
000264772.jpg,2967.jpg
000264774.jpg,2968.jpg
000264775.jpg,2969.jpg
000264777.jpg,2970.jpg
000264779.jpg,2971.jpg
000264781.jpg,2972.jpg
000264782.jpg,2973.jpg
000264783.jpg,2974.jpg
000264784.jpg,2975.jpg
000264788.jpg,2976.jpg
000264790.jpg,2977.jpg
000264791.jpg,2978.jpg
000264793.jpg,2979.jpg
000264794.jpg,2980.jpg
000264795.jpg,2981.jpg
000264796.jpg,2982.jpg
000264799.jpg,2983.jpg
000264800.jpg,2984.jpg
000264802.jpg,2985.jpg
000264805.jpg,2986.jpg
000264807.jpg,2987.jpg
000264808.jpg,2988.jpg
000264809.jpg,2989.jpg
000264811.jpg,2990.jpg
000264812.jpg,2991.jpg
000264813.jpg,2992.jpg
000264814.jpg,2993.jpg
000264815.jpg,2994.jpg
000264816.jpg,2995.jpg
000264819.jpg,2996.jpg
000264820.jpg,2997.jpg
000264823.jpg,2998.jpg
000264824.jpg,2999.jpg
000264825.jpg,3000.jpg
000264826.jpg,3001.jpg
000264827.jpg,3002.jpg
000264828.jpg,3003.jpg
000264829.jpg,3004.jpg
000264830.jpg,3005.jpg
000264833.jpg,3006.jpg
000264835.jpg,3007.jpg
000264838.jpg,3008.jpg
000264839.jpg,3009.jpg
000264840.jpg,3010.jpg
000264841.jpg,3011.jpg
000264845.jpg,3012.jpg
000264847.jpg,3013.jpg
000264848.jpg,3014.jpg
000264849.jpg,3015.jpg
000264851.jpg,3016.jpg
000264852.jpg,3017.jpg
000264853.jpg,3018.jpg
000264854.jpg,3019.jpg
000264857.jpg,3020.jpg
000264858.jpg,3021.jpg
000264859.jpg,3022.jpg
000264861.jpg,3023.jpg
000264863.jpg,3024.jpg
000264864.jpg,3025.jpg
000264867.jpg,3026.jpg
000264868.jpg,3027.jpg
000264869.jpg,3028.jpg
000264870.jpg,3029.jpg
000264871.jpg,3030.jpg
000264872.jpg,3031.jpg
000264873.jpg,3032.jpg
000264874.jpg,3033.jpg
000264876.jpg,3034.jpg
000264877.jpg,3035.jpg
000264879.jpg,3036.jpg
000264881.jpg,3037.jpg
000264885.jpg,3038.jpg
000264886.jpg,3039.jpg
000264887.jpg,3040.jpg
000264889.jpg,3041.jpg
000264890.jpg,3042.jpg
000264893.jpg,3043.jpg
000264894.jpg,3044.jpg
000264895.jpg,3045.jpg
000264896.jpg,3046.jpg
000264897.jpg,3047.jpg
000264898.jpg,3048.jpg
000264900.jpg,3049.jpg
000264901.jpg,3050.jpg
000264902.jpg,3051.jpg
000264904.jpg,3052.jpg
000264906.jpg,3053.jpg
000264908.jpg,3054.jpg
000264909.jpg,3055.jpg
000264910.jpg,3056.jpg
000264911.jpg,3057.jpg
000264914.jpg,3058.jpg
000264916.jpg,3059.jpg
000264917.jpg,3060.jpg
000264918.jpg,3061.jpg
000264919.jpg,3062.jpg
000264920.jpg,3063.jpg
000264923.jpg,3064.jpg
000264924.jpg,3065.jpg
000264925.jpg,3066.jpg
000264926.jpg,3067.jpg
000264928.jpg,3068.jpg
000264929.jpg,3069.jpg
000264931.jpg,3070.jpg
000264932.jpg,3071.jpg
000264933.jpg,3072.jpg
000264935.jpg,3073.jpg
000264936.jpg,3074.jpg
000264937.jpg,3075.jpg
000264939.jpg,3076.jpg
000264940.jpg,3077.jpg
000264941.jpg,3078.jpg
000264943.jpg,3079.jpg
000264944.jpg,3080.jpg
000264946.jpg,3081.jpg
000264947.jpg,3082.jpg
000264950.jpg,3083.jpg
000264953.jpg,3084.jpg
000264958.jpg,3085.jpg
000264960.jpg,3086.jpg
000264961.jpg,3087.jpg
000264962.jpg,3088.jpg
000264963.jpg,3089.jpg
000264964.jpg,3090.jpg
000264965.jpg,3091.jpg
000264966.jpg,3092.jpg
000264968.jpg,3093.jpg
000264969.jpg,3094.jpg
000264970.jpg,3095.jpg
000264972.jpg,3096.jpg
000264975.jpg,3097.jpg
000264976.jpg,3098.jpg
000264978.jpg,3099.jpg
000264979.jpg,3100.jpg
000264980.jpg,3101.jpg
000264981.jpg,3102.jpg
000264983.jpg,3103.jpg
000264984.jpg,3104.jpg
000264985.jpg,3105.jpg
000264987.jpg,3106.jpg
000264991.jpg,3107.jpg
000264992.jpg,3108.jpg
000264994.jpg,3109.jpg
000264996.jpg,3110.jpg
000264998.jpg,3111.jpg
000264999.jpg,3112.jpg
000265000.jpg,3113.jpg
000265001.jpg,3114.jpg
000265003.jpg,3115.jpg
000265004.jpg,3116.jpg
000265007.jpg,3117.jpg
000265008.jpg,3118.jpg
000265010.jpg,3119.jpg
000265012.jpg,3120.jpg
000265013.jpg,3121.jpg
000265015.jpg,3122.jpg
000265018.jpg,3123.jpg
000265019.jpg,3124.jpg
000265021.jpg,3125.jpg
000265022.jpg,3126.jpg
000265023.jpg,3127.jpg
000265024.jpg,3128.jpg
000265025.jpg,3129.jpg
000265026.jpg,3130.jpg
000265030.jpg,3131.jpg
000265031.jpg,3132.jpg
000265032.jpg,3133.jpg
000265033.jpg,3134.jpg
000265034.jpg,3135.jpg
000265037.jpg,3136.jpg
000265039.jpg,3137.jpg
000265040.jpg,3138.jpg
000265042.jpg,3139.jpg
000265044.jpg,3140.jpg
000265045.jpg,3141.jpg
000265046.jpg,3142.jpg
000265047.jpg,3143.jpg
000265048.jpg,3144.jpg
000265049.jpg,3145.jpg
000265050.jpg,3146.jpg
000265051.jpg,3147.jpg
000265052.jpg,3148.jpg
000265053.jpg,3149.jpg
000265054.jpg,3150.jpg
000265055.jpg,3151.jpg
000265056.jpg,3152.jpg
000265057.jpg,3153.jpg
000265059.jpg,3154.jpg
000265060.jpg,3155.jpg
000265062.jpg,3156.jpg
000265063.jpg,3157.jpg
000265064.jpg,3158.jpg
000265065.jpg,3159.jpg
000265066.jpg,3160.jpg
000265069.jpg,3161.jpg
000265071.jpg,3162.jpg
000265072.jpg,3163.jpg
000265073.jpg,3164.jpg
000265074.jpg,3165.jpg
000265075.jpg,3166.jpg
000265076.jpg,3167.jpg
000265077.jpg,3168.jpg
000265078.jpg,3169.jpg
000265079.jpg,3170.jpg
000265080.jpg,3171.jpg
000265086.jpg,3172.jpg
000265087.jpg,3173.jpg
000265089.jpg,3174.jpg
000265091.jpg,3175.jpg
000265094.jpg,3176.jpg
000265095.jpg,3177.jpg
000265096.jpg,3178.jpg
000265097.jpg,3179.jpg
000265098.jpg,3180.jpg
000265100.jpg,3181.jpg
000265101.jpg,3182.jpg
000265103.jpg,3183.jpg
000265104.jpg,3184.jpg
000265105.jpg,3185.jpg
000265106.jpg,3186.jpg
000424234.jpg,3187.jpg
000424237.jpg,3188.jpg
000424241.jpg,3189.jpg
000424243.jpg,3190.jpg
000424244.jpg,3191.jpg
000424245.jpg,3192.jpg
000424246.jpg,3193.jpg
000424247.jpg,3194.jpg
000424249.jpg,3195.jpg
000424253.jpg,3196.jpg
000424254.jpg,3197.jpg
000424255.jpg,3198.jpg
000424256.jpg,3199.jpg
000424258.jpg,3200.jpg
000424259.jpg,3201.jpg
000424262.jpg,3202.jpg
000424263.jpg,3203.jpg
000424264.jpg,3204.jpg
000424265.jpg,3205.jpg
000424266.jpg,3206.jpg
000424267.jpg,3207.jpg
000424268.jpg,3208.jpg
000424271.jpg,3209.jpg
000424272.jpg,3210.jpg
000424275.jpg,3211.jpg
000424276.jpg,3212.jpg
000424278.jpg,3213.jpg
000424279.jpg,3214.jpg
000424280.jpg,3215.jpg
000424281.jpg,3216.jpg
000424283.jpg,3217.jpg
000424285.jpg,3218.jpg
000424290.jpg,3219.jpg
000424291.jpg,3220.jpg
000424295.jpg,3221.jpg
000424297.jpg,3222.jpg
000424300.jpg,3223.jpg
000424301.jpg,3224.jpg
000424303.jpg,3225.jpg
000424305.jpg,3226.jpg
000424306.jpg,3227.jpg
000424308.jpg,3228.jpg
000424309.jpg,3229.jpg
000424310.jpg,3230.jpg
000424311.jpg,3231.jpg
000424312.jpg,3232.jpg
000424314.jpg,3233.jpg
000424316.jpg,3234.jpg
000424317.jpg,3235.jpg
000424318.jpg,3236.jpg
000424320.jpg,3237.jpg
000424321.jpg,3238.jpg
000424322.jpg,3239.jpg
000424323.jpg,3240.jpg
000424325.jpg,3241.jpg
000424326.jpg,3242.jpg
000424327.jpg,3243.jpg
000424328.jpg,3244.jpg
000424329.jpg,3245.jpg
000424331.jpg,3246.jpg
000424332.jpg,3247.jpg
000424333.jpg,3248.jpg
000424336.jpg,3249.jpg
000424338.jpg,3250.jpg
000424339.jpg,3251.jpg
000424341.jpg,3252.jpg
000424343.jpg,3253.jpg
000424344.jpg,3254.jpg
000424345.jpg,3255.jpg
000424347.jpg,3256.jpg
000424348.jpg,3257.jpg
000424349.jpg,3258.jpg
000424350.jpg,3259.jpg
000424351.jpg,3260.jpg
000424352.jpg,3261.jpg
000424354.jpg,3262.jpg
000424355.jpg,3263.jpg
000424356.jpg,3264.jpg
000424357.jpg,3265.jpg
000424358.jpg,3266.jpg
000424359.jpg,3267.jpg
000424361.jpg,3268.jpg
000424362.jpg,3269.jpg
000424363.jpg,3270.jpg
000424364.jpg,3271.jpg
000424365.jpg,3272.jpg
000424366.jpg,3273.jpg
000424369.jpg,3274.jpg
000424370.jpg,3275.jpg
000424373.jpg,3276.jpg
000424375.jpg,3277.jpg
000424377.jpg,3278.jpg
000424378.jpg,3279.jpg
000424381.jpg,3280.jpg
000424382.jpg,3281.jpg
000424383.jpg,3282.jpg
000424385.jpg,3283.jpg
000424387.jpg,3284.jpg
000424388.jpg,3285.jpg
000424389.jpg,3286.jpg
000424390.jpg,3287.jpg
000424391.jpg,3288.jpg
000424392.jpg,3289.jpg
000424393.jpg,3290.jpg
000424394.jpg,3291.jpg
000424396.jpg,3292.jpg
000424397.jpg,3293.jpg
000424399.jpg,3294.jpg
000424400.jpg,3295.jpg
000424401.jpg,3296.jpg
000424403.jpg,3297.jpg
000424404.jpg,3298.jpg
000424406.jpg,3299.jpg
000424408.jpg,3300.jpg
000424410.jpg,3301.jpg
000424412.jpg,3302.jpg
000424413.jpg,3303.jpg
000424414.jpg,3304.jpg
000424415.jpg,3305.jpg
000424416.jpg,3306.jpg
000424417.jpg,3307.jpg
000424418.jpg,3308.jpg
000424419.jpg,3309.jpg
000424421.jpg,3310.jpg
000424423.jpg,3311.jpg
000424424.jpg,3312.jpg
000424425.jpg,3313.jpg
000424426.jpg,3314.jpg
000424427.jpg,3315.jpg
000424428.jpg,3316.jpg
000424429.jpg,3317.jpg
000424430.jpg,3318.jpg
000424431.jpg,3319.jpg
000424434.jpg,3320.jpg
000424437.jpg,3321.jpg
000424438.jpg,3322.jpg
000424442.jpg,3323.jpg
000424444.jpg,3324.jpg
000424445.jpg,3325.jpg
000424448.jpg,3326.jpg
000424449.jpg,3327.jpg
000424450.jpg,3328.jpg
000424451.jpg,3329.jpg
000424453.jpg,3330.jpg
000424454.jpg,3331.jpg
000424455.jpg,3332.jpg
000424456.jpg,3333.jpg
000424457.jpg,3334.jpg
000424458.jpg,3335.jpg
000424461.jpg,3336.jpg
000424462.jpg,3337.jpg
000424463.jpg,3338.jpg
000424465.jpg,3339.jpg
000424467.jpg,3340.jpg
000424468.jpg,3341.jpg
000424469.jpg,3342.jpg
000424470.jpg,3343.jpg
000424472.jpg,3344.jpg
000424475.jpg,3345.jpg
000424477.jpg,3346.jpg
000424479.jpg,3347.jpg
000424481.jpg,3348.jpg
000424482.jpg,3349.jpg
000424484.jpg,3350.jpg
000424486.jpg,3351.jpg
000424487.jpg,3352.jpg
000424488.jpg,3353.jpg
000424489.jpg,3354.jpg
000424490.jpg,3355.jpg
000424491.jpg,3356.jpg
000424492.jpg,3357.jpg
000424493.jpg,3358.jpg
000424495.jpg,3359.jpg
000424496.jpg,3360.jpg
000424500.jpg,3361.jpg
000424501.jpg,3362.jpg
000424503.jpg,3363.jpg
000424504.jpg,3364.jpg
000424506.jpg,3365.jpg
000424509.jpg,3366.jpg
000424510.jpg,3367.jpg
000424511.jpg,3368.jpg
000424512.jpg,3369.jpg
000424515.jpg,3370.jpg
000424517.jpg,3371.jpg
000424518.jpg,3372.jpg
000424519.jpg,3373.jpg
000424520.jpg,3374.jpg
000424521.jpg,3375.jpg
000424522.jpg,3376.jpg
000424523.jpg,3377.jpg
000424524.jpg,3378.jpg
000424525.jpg,3379.jpg
000424526.jpg,3380.jpg
000424529.jpg,3381.jpg
000424532.jpg,3382.jpg
000424533.jpg,3383.jpg
000424534.jpg,3384.jpg
000424536.jpg,3385.jpg
000424540.jpg,3386.jpg
000424542.jpg,3387.jpg
000424543.jpg,3388.jpg
000424544.jpg,3389.jpg
000424546.jpg,3390.jpg
000424547.jpg,3391.jpg
000424548.jpg,3392.jpg
000424549.jpg,3393.jpg
000424550.jpg,3394.jpg
000424551.jpg,3395.jpg
000424552.jpg,3396.jpg
000424553.jpg,3397.jpg
000424554.jpg,3398.jpg
000424555.jpg,3399.jpg
000424556.jpg,3400.jpg
000424557.jpg,3401.jpg
000424558.jpg,3402.jpg
000424559.jpg,3403.jpg
000424560.jpg,3404.jpg
000424561.jpg,3405.jpg
000424564.jpg,3406.jpg
000424567.jpg,3407.jpg
000424568.jpg,3408.jpg
000424569.jpg,3409.jpg
000424570.jpg,3410.jpg
000424571.jpg,3411.jpg
000424572.jpg,3412.jpg
000424573.jpg,3413.jpg
000424574.jpg,3414.jpg
000424575.jpg,3415.jpg
000424577.jpg,3416.jpg
000424578.jpg,3417.jpg
000424580.jpg,3418.jpg
000424581.jpg,3419.jpg
000424583.jpg,3420.jpg
000424584.jpg,3421.jpg
000424587.jpg,3422.jpg
000424588.jpg,3423.jpg
000424593.jpg,3424.jpg
000424594.jpg,3425.jpg
000424597.jpg,3426.jpg
000424599.jpg,3427.jpg
000424600.jpg,3428.jpg
000424601.jpg,3429.jpg
000424603.jpg,3430.jpg
000424604.jpg,3431.jpg
000424605.jpg,3432.jpg
000424606.jpg,3433.jpg
000424607.jpg,3434.jpg
000424608.jpg,3435.jpg
000424610.jpg,3436.jpg
000424611.jpg,3437.jpg
000424612.jpg,3438.jpg
000424613.jpg,3439.jpg
000424615.jpg,3440.jpg
000424616.jpg,3441.jpg
000424618.jpg,3442.jpg
000424619.jpg,3443.jpg
000424620.jpg,3444.jpg
000424622.jpg,3445.jpg
000424623.jpg,3446.jpg
000424624.jpg,3447.jpg
000424625.jpg,3448.jpg
000424626.jpg,3449.jpg
000424627.jpg,3450.jpg
000424628.jpg,3451.jpg
000424629.jpg,3452.jpg
000424630.jpg,3453.jpg
000424631.jpg,3454.jpg
000424633.jpg,3455.jpg
000424634.jpg,3456.jpg
000424635.jpg,3457.jpg
000424638.jpg,3458.jpg
000424639.jpg,3459.jpg
000424640.jpg,3460.jpg
000424641.jpg,3461.jpg
000424642.jpg,3462.jpg
000424643.jpg,3463.jpg
000424645.jpg,3464.jpg
000424646.jpg,3465.jpg
000424647.jpg,3466.jpg
000424648.jpg,3467.jpg
000424649.jpg,3468.jpg
000424651.jpg,3469.jpg
000424653.jpg,3470.jpg
000424654.jpg,3471.jpg
000424657.jpg,3472.jpg
000424658.jpg,3473.jpg
000424659.jpg,3474.jpg
000424660.jpg,3475.jpg
000424661.jpg,3476.jpg
000424663.jpg,3477.jpg
000424664.jpg,3478.jpg
000424666.jpg,3479.jpg
000424667.jpg,3480.jpg
000424668.jpg,3481.jpg
000424669.jpg,3482.jpg
000424670.jpg,3483.jpg
000424671.jpg,3484.jpg
000424673.jpg,3485.jpg
000424674.jpg,3486.jpg
000424675.jpg,3487.jpg
000424678.jpg,3488.jpg
000424679.jpg,3489.jpg
000424680.jpg,3490.jpg
000424681.jpg,3491.jpg
000424683.jpg,3492.jpg
000424684.jpg,3493.jpg
000424685.jpg,3494.jpg
000424686.jpg,3495.jpg
000424687.jpg,3496.jpg
000424689.jpg,3497.jpg
000424691.jpg,3498.jpg
000424692.jpg,3499.jpg
000424695.jpg,3500.jpg
000424696.jpg,3501.jpg
000424697.jpg,3502.jpg
000424698.jpg,3503.jpg
000424699.jpg,3504.jpg
000424700.jpg,3505.jpg
000424701.jpg,3506.jpg
000424703.jpg,3507.jpg
000424704.jpg,3508.jpg
000424705.jpg,3509.jpg
000424706.jpg,3510.jpg
000424708.jpg,3511.jpg
000424709.jpg,3512.jpg
000424710.jpg,3513.jpg
000424711.jpg,3514.jpg
000424713.jpg,3515.jpg
000424714.jpg,3516.jpg
000424717.jpg,3517.jpg
000424719.jpg,3518.jpg
000424720.jpg,3519.jpg
000424721.jpg,3520.jpg
000424722.jpg,3521.jpg
000424723.jpg,3522.jpg
000424724.jpg,3523.jpg
000424725.jpg,3524.jpg
000424726.jpg,3525.jpg
000424727.jpg,3526.jpg
000424728.jpg,3527.jpg
000424731.jpg,3528.jpg
000424733.jpg,3529.jpg
000424735.jpg,3530.jpg
000424736.jpg,3531.jpg
000424737.jpg,3532.jpg
000424739.jpg,3533.jpg
000424740.jpg,3534.jpg
000424741.jpg,3535.jpg
000424742.jpg,3536.jpg
000424744.jpg,3537.jpg
000424745.jpg,3538.jpg
000424746.jpg,3539.jpg
000424748.jpg,3540.jpg
000424749.jpg,3541.jpg
000424750.jpg,3542.jpg
000424753.jpg,3543.jpg
000424756.jpg,3544.jpg
000424757.jpg,3545.jpg
000424758.jpg,3546.jpg
000424759.jpg,3547.jpg
000424760.jpg,3548.jpg
000424761.jpg,3549.jpg
000424762.jpg,3550.jpg
000424763.jpg,3551.jpg
000424764.jpg,3552.jpg
000424766.jpg,3553.jpg
000424767.jpg,3554.jpg
000424769.jpg,3555.jpg
000424770.jpg,3556.jpg
000424771.jpg,3557.jpg
000424772.jpg,3558.jpg
000424773.jpg,3559.jpg
000424775.jpg,3560.jpg
000424777.jpg,3561.jpg
000424779.jpg,3562.jpg
000424780.jpg,3563.jpg
000424781.jpg,3564.jpg
000424782.jpg,3565.jpg
000424783.jpg,3566.jpg
000424785.jpg,3567.jpg
000424786.jpg,3568.jpg
000424787.jpg,3569.jpg
000424788.jpg,3570.jpg
000424792.jpg,3571.jpg
000424794.jpg,3572.jpg
000424795.jpg,3573.jpg
000424796.jpg,3574.jpg
000424797.jpg,3575.jpg
000424802.jpg,3576.jpg
000424803.jpg,3577.jpg
000424804.jpg,3578.jpg
000424805.jpg,3579.jpg
000424806.jpg,3580.jpg
000424807.jpg,3581.jpg
000424808.jpg,3582.jpg
000424809.jpg,3583.jpg
000424811.jpg,3584.jpg
000424813.jpg,3585.jpg
000424815.jpg,3586.jpg
000424820.jpg,3587.jpg
000424821.jpg,3588.jpg
000424822.jpg,3589.jpg
000424823.jpg,3590.jpg
000424825.jpg,3591.jpg
000424826.jpg,3592.jpg
000424827.jpg,3593.jpg
000424828.jpg,3594.jpg
000424829.jpg,3595.jpg
000424830.jpg,3596.jpg
000424833.jpg,3597.jpg
000424836.jpg,3598.jpg
000424837.jpg,3599.jpg
000424838.jpg,3600.jpg
000424839.jpg,3601.jpg
000424841.jpg,3602.jpg
000424842.jpg,3603.jpg
000424843.jpg,3604.jpg
000424844.jpg,3605.jpg
000424845.jpg,3606.jpg
000424846.jpg,3607.jpg
000424847.jpg,3608.jpg
000424848.jpg,3609.jpg
000424849.jpg,3610.jpg
000424850.jpg,3611.jpg
000424851.jpg,3612.jpg
000424852.jpg,3613.jpg
000424853.jpg,3614.jpg
000424855.jpg,3615.jpg
000424858.jpg,3616.jpg
000424859.jpg,3617.jpg
000424860.jpg,3618.jpg
000424862.jpg,3619.jpg
000424863.jpg,3620.jpg
000424864.jpg,3621.jpg
000424866.jpg,3622.jpg
000424867.jpg,3623.jpg
000424868.jpg,3624.jpg
000424869.jpg,3625.jpg
000424871.jpg,3626.jpg
000424872.jpg,3627.jpg
000424874.jpg,3628.jpg
000424876.jpg,3629.jpg
000424877.jpg,3630.jpg
000424879.jpg,3631.jpg
000424881.jpg,3632.jpg
000424884.jpg,3633.jpg
000424886.jpg,3634.jpg
000424887.jpg,3635.jpg
000424888.jpg,3636.jpg
000424890.jpg,3637.jpg
000424891.jpg,3638.jpg
000424892.jpg,3639.jpg
000424893.jpg,3640.jpg
000424894.jpg,3641.jpg
000424895.jpg,3642.jpg
000424896.jpg,3643.jpg
000424897.jpg,3644.jpg
000424898.jpg,3645.jpg
000424900.jpg,3646.jpg
000424901.jpg,3647.jpg
000424904.jpg,3648.jpg
000424905.jpg,3649.jpg
000424910.jpg,3650.jpg
000424911.jpg,3651.jpg
000424913.jpg,3652.jpg
000424914.jpg,3653.jpg
000424922.jpg,3654.jpg
000424923.jpg,3655.jpg
000424925.jpg,3656.jpg
000424926.jpg,3657.jpg
000424927.jpg,3658.jpg
000424929.jpg,3659.jpg
000424932.jpg,3660.jpg
000424933.jpg,3661.jpg
000424935.jpg,3662.jpg
000424936.jpg,3663.jpg
000424937.jpg,3664.jpg
000424938.jpg,3665.jpg
000424939.jpg,3666.jpg
000424940.jpg,3667.jpg
000424941.jpg,3668.jpg
000424942.jpg,3669.jpg
000424944.jpg,3670.jpg
000424945.jpg,3671.jpg
000424946.jpg,3672.jpg
000424947.jpg,3673.jpg
000424948.jpg,3674.jpg
000424949.jpg,3675.jpg
000424951.jpg,3676.jpg
000424952.jpg,3677.jpg
000424954.jpg,3678.jpg
000424955.jpg,3679.jpg
000424956.jpg,3680.jpg
000424957.jpg,3681.jpg
000424958.jpg,3682.jpg
000424960.jpg,3683.jpg
000424961.jpg,3684.jpg
000424962.jpg,3685.jpg
000424963.jpg,3686.jpg
000424964.jpg,3687.jpg
000424965.jpg,3688.jpg
000424967.jpg,3689.jpg
000424969.jpg,3690.jpg
000424970.jpg,3691.jpg
000424971.jpg,3692.jpg
000424973.jpg,3693.jpg
000424974.jpg,3694.jpg
000424975.jpg,3695.jpg
000424976.jpg,3696.jpg
000424977.jpg,3697.jpg
000424980.jpg,3698.jpg
000424981.jpg,3699.jpg
000424985.jpg,3700.jpg
000424987.jpg,3701.jpg
000424988.jpg,3702.jpg
000424990.jpg,3703.jpg
000424992.jpg,3704.jpg
000424993.jpg,3705.jpg
000424994.jpg,3706.jpg
000424995.jpg,3707.jpg
000424996.jpg,3708.jpg
000424997.jpg,3709.jpg
000424998.jpg,3710.jpg
000424999.jpg,3711.jpg
000425000.jpg,3712.jpg
000425001.jpg,3713.jpg
000425003.jpg,3714.jpg
000425004.jpg,3715.jpg
000425006.jpg,3716.jpg
000425008.jpg,3717.jpg
000425009.jpg,3718.jpg
000425011.jpg,3719.jpg
000425012.jpg,3720.jpg
000425014.jpg,3721.jpg
000425015.jpg,3722.jpg
000425016.jpg,3723.jpg
000425017.jpg,3724.jpg
000425018.jpg,3725.jpg
000425019.jpg,3726.jpg
000425020.jpg,3727.jpg
000425021.jpg,3728.jpg
000425022.jpg,3729.jpg
000425024.jpg,3730.jpg
000425026.jpg,3731.jpg
000425027.jpg,3732.jpg
000425028.jpg,3733.jpg
000425029.jpg,3734.jpg
000425030.jpg,3735.jpg
000425031.jpg,3736.jpg
000425032.jpg,3737.jpg
000425033.jpg,3738.jpg
000425034.jpg,3739.jpg
000425035.jpg,3740.jpg
000425036.jpg,3741.jpg
000425041.jpg,3742.jpg
000425043.jpg,3743.jpg
000425045.jpg,3744.jpg
000425047.jpg,3745.jpg
000425049.jpg,3746.jpg
000425050.jpg,3747.jpg
000425051.jpg,3748.jpg
000425052.jpg,3749.jpg
000425053.jpg,3750.jpg
000425054.jpg,3751.jpg
000425055.jpg,3752.jpg
000425058.jpg,3753.jpg
000425059.jpg,3754.jpg
000425060.jpg,3755.jpg
000425061.jpg,3756.jpg
000425062.jpg,3757.jpg
000425065.jpg,3758.jpg
000425066.jpg,3759.jpg
000425067.jpg,3760.jpg
000425069.jpg,3761.jpg
000425071.jpg,3762.jpg
000425072.jpg,3763.jpg
000425073.jpg,3764.jpg
000425074.jpg,3765.jpg
000425075.jpg,3766.jpg
000425077.jpg,3767.jpg
000425079.jpg,3768.jpg
000425080.jpg,3769.jpg
000425082.jpg,3770.jpg
000425085.jpg,3771.jpg
000425086.jpg,3772.jpg
000425087.jpg,3773.jpg
000425088.jpg,3774.jpg
000425089.jpg,3775.jpg
000425090.jpg,3776.jpg
000425091.jpg,3777.jpg
000425093.jpg,3778.jpg
000425094.jpg,3779.jpg
000425095.jpg,3780.jpg
000425096.jpg,3781.jpg
000425097.jpg,3782.jpg
000425101.jpg,3783.jpg
000425102.jpg,3784.jpg
000425103.jpg,3785.jpg
000425104.jpg,3786.jpg
000425107.jpg,3787.jpg
000425108.jpg,3788.jpg
000425109.jpg,3789.jpg
000425114.jpg,3790.jpg
000425115.jpg,3791.jpg
000425116.jpg,3792.jpg
000425117.jpg,3793.jpg
000425118.jpg,3794.jpg
000425123.jpg,3795.jpg
000425124.jpg,3796.jpg
000425125.jpg,3797.jpg
000425126.jpg,3798.jpg
000425128.jpg,3799.jpg
000425129.jpg,3800.jpg
000425130.jpg,3801.jpg
000425131.jpg,3802.jpg
000425133.jpg,3803.jpg
000425134.jpg,3804.jpg
000425135.jpg,3805.jpg
000425136.jpg,3806.jpg
000425137.jpg,3807.jpg
000425138.jpg,3808.jpg
000425139.jpg,3809.jpg
000425140.jpg,3810.jpg
000425141.jpg,3811.jpg
000425142.jpg,3812.jpg
000425144.jpg,3813.jpg
000425145.jpg,3814.jpg
000425146.jpg,3815.jpg
000425149.jpg,3816.jpg
000425150.jpg,3817.jpg
000425151.jpg,3818.jpg
000425152.jpg,3819.jpg
000425153.jpg,3820.jpg
000425154.jpg,3821.jpg
000425155.jpg,3822.jpg
000425156.jpg,3823.jpg
000425158.jpg,3824.jpg
000425159.jpg,3825.jpg
000425160.jpg,3826.jpg
000425161.jpg,3827.jpg
000425162.jpg,3828.jpg
000425164.jpg,3829.jpg
000425165.jpg,3830.jpg
000425166.jpg,3831.jpg
000425167.jpg,3832.jpg
000425168.jpg,3833.jpg
000425169.jpg,3834.jpg
000425170.jpg,3835.jpg
000425171.jpg,3836.jpg
000425172.jpg,3837.jpg
000425173.jpg,3838.jpg
000425174.jpg,3839.jpg
000425175.jpg,3840.jpg
000425176.jpg,3841.jpg
000425177.jpg,3842.jpg
000425179.jpg,3843.jpg
000425180.jpg,3844.jpg
000425181.jpg,3845.jpg
000425183.jpg,3846.jpg
000425184.jpg,3847.jpg
000425186.jpg,3848.jpg
000425187.jpg,3849.jpg
000425189.jpg,3850.jpg
000425191.jpg,3851.jpg
000425193.jpg,3852.jpg
000425195.jpg,3853.jpg
000425196.jpg,3854.jpg
000425197.jpg,3855.jpg
000425199.jpg,3856.jpg
000425203.jpg,3857.jpg
000425204.jpg,3858.jpg
000425206.jpg,3859.jpg
000425207.jpg,3860.jpg
000425208.jpg,3861.jpg
000425209.jpg,3862.jpg
000425211.jpg,3863.jpg
000425213.jpg,3864.jpg
000425214.jpg,3865.jpg
000425215.jpg,3866.jpg
000425216.jpg,3867.jpg
000425217.jpg,3868.jpg
000425218.jpg,3869.jpg
000425219.jpg,3870.jpg
000425221.jpg,3871.jpg
000425222.jpg,3872.jpg
000425224.jpg,3873.jpg
000425226.jpg,3874.jpg
000425227.jpg,3875.jpg
000425228.jpg,3876.jpg
000425230.jpg,3877.jpg
000425232.jpg,3878.jpg
000425233.jpg,3879.jpg
000425234.jpg,3880.jpg
000425235.jpg,3881.jpg
000425237.jpg,3882.jpg
000425238.jpg,3883.jpg
000425239.jpg,3884.jpg
000425241.jpg,3885.jpg
000425242.jpg,3886.jpg
000425243.jpg,3887.jpg
000425244.jpg,3888.jpg
000425245.jpg,3889.jpg
000425246.jpg,3890.jpg
000425247.jpg,3891.jpg
000425249.jpg,3892.jpg
000425250.jpg,3893.jpg
000425251.jpg,3894.jpg
000425253.jpg,3895.jpg
000425254.jpg,3896.jpg
000425255.jpg,3897.jpg
000425257.jpg,3898.jpg
000425258.jpg,3899.jpg
000425259.jpg,3900.jpg
000425260.jpg,3901.jpg
000425261.jpg,3902.jpg
000425262.jpg,3903.jpg
000425264.jpg,3904.jpg
000425265.jpg,3905.jpg
000425266.jpg,3906.jpg
000425268.jpg,3907.jpg
000425269.jpg,3908.jpg
000425270.jpg,3909.jpg
000425271.jpg,3910.jpg
000425272.jpg,3911.jpg
000425273.jpg,3912.jpg
000425276.jpg,3913.jpg
000425277.jpg,3914.jpg
000425278.jpg,3915.jpg
000425279.jpg,3916.jpg
000425280.jpg,3917.jpg
000425282.jpg,3918.jpg
000425283.jpg,3919.jpg
000425284.jpg,3920.jpg
000425285.jpg,3921.jpg
000425288.jpg,3922.jpg
000425290.jpg,3923.jpg
000425291.jpg,3924.jpg
000425292.jpg,3925.jpg
000425293.jpg,3926.jpg
000425294.jpg,3927.jpg
000425296.jpg,3928.jpg
000425299.jpg,3929.jpg
000425303.jpg,3930.jpg
000425304.jpg,3931.jpg
000425305.jpg,3932.jpg
000425307.jpg,3933.jpg
000425308.jpg,3934.jpg
000425309.jpg,3935.jpg
000425310.jpg,3936.jpg
000425311.jpg,3937.jpg
000425313.jpg,3938.jpg
000425314.jpg,3939.jpg
000425315.jpg,3940.jpg
000425317.jpg,3941.jpg
000425320.jpg,3942.jpg
000425321.jpg,3943.jpg
000425322.jpg,3944.jpg
000425323.jpg,3945.jpg
000425324.jpg,3946.jpg
000425329.jpg,3947.jpg
000425330.jpg,3948.jpg
000425332.jpg,3949.jpg
000425333.jpg,3950.jpg
000425335.jpg,3951.jpg
000425336.jpg,3952.jpg
000425337.jpg,3953.jpg
000425338.jpg,3954.jpg
000425339.jpg,3955.jpg
000425340.jpg,3956.jpg
000425342.jpg,3957.jpg
000425343.jpg,3958.jpg
000425345.jpg,3959.jpg
000425346.jpg,3960.jpg
000425347.jpg,3961.jpg
000425348.jpg,3962.jpg
000425349.jpg,3963.jpg
000425351.jpg,3964.jpg
000425352.jpg,3965.jpg
000425353.jpg,3966.jpg
000425355.jpg,3967.jpg
000425356.jpg,3968.jpg
000425357.jpg,3969.jpg
000425358.jpg,3970.jpg
000425359.jpg,3971.jpg
000425360.jpg,3972.jpg
000425361.jpg,3973.jpg
000425362.jpg,3974.jpg
000425364.jpg,3975.jpg
000425365.jpg,3976.jpg
000425368.jpg,3977.jpg
000425369.jpg,3978.jpg
000425370.jpg,3979.jpg
000425373.jpg,3980.jpg
000425374.jpg,3981.jpg
000425377.jpg,3982.jpg
000425379.jpg,3983.jpg
000425380.jpg,3984.jpg
000425382.jpg,3985.jpg
000425384.jpg,3986.jpg
000425385.jpg,3987.jpg
000425386.jpg,3988.jpg
000425387.jpg,3989.jpg
000425389.jpg,3990.jpg
000425391.jpg,3991.jpg
000425393.jpg,3992.jpg
000425394.jpg,3993.jpg
000425395.jpg,3994.jpg
000425397.jpg,3995.jpg
000425399.jpg,3996.jpg
000425400.jpg,3997.jpg
000425401.jpg,3998.jpg
000425402.jpg,3999.jpg
000425403.jpg,4000.jpg
000425406.jpg,4001.jpg
000425407.jpg,4002.jpg
000425408.jpg,4003.jpg
000425409.jpg,4004.jpg
000425413.jpg,4005.jpg
000425414.jpg,4006.jpg
000425415.jpg,4007.jpg
000425421.jpg,4008.jpg
000425422.jpg,4009.jpg
000425423.jpg,4010.jpg
000425424.jpg,4011.jpg
000425425.jpg,4012.jpg
000425426.jpg,4013.jpg
000425427.jpg,4014.jpg
000425429.jpg,4015.jpg
000425430.jpg,4016.jpg
000425432.jpg,4017.jpg
000425433.jpg,4018.jpg
000425434.jpg,4019.jpg
000425435.jpg,4020.jpg
000425436.jpg,4021.jpg
000425437.jpg,4022.jpg
000425439.jpg,4023.jpg
000425441.jpg,4024.jpg
000425442.jpg,4025.jpg
000425443.jpg,4026.jpg
000425444.jpg,4027.jpg
000425446.jpg,4028.jpg
000425447.jpg,4029.jpg
000425449.jpg,4030.jpg
000425451.jpg,4031.jpg
000425453.jpg,4032.jpg
000425454.jpg,4033.jpg
000425455.jpg,4034.jpg
000425456.jpg,4035.jpg
000425457.jpg,4036.jpg
000425458.jpg,4037.jpg
000425459.jpg,4038.jpg
000425460.jpg,4039.jpg
000425461.jpg,4040.jpg
000425463.jpg,4041.jpg
000425464.jpg,4042.jpg
000425466.jpg,4043.jpg
000425468.jpg,4044.jpg
000425473.jpg,4045.jpg
000425474.jpg,4046.jpg
000425475.jpg,4047.jpg
000425477.jpg,4048.jpg
000425478.jpg,4049.jpg
000425479.jpg,4050.jpg
000425480.jpg,4051.jpg
000425481.jpg,4052.jpg
000425483.jpg,4053.jpg
000425484.jpg,4054.jpg
000425485.jpg,4055.jpg
000425486.jpg,4056.jpg
000425487.jpg,4057.jpg
000425489.jpg,4058.jpg
000425490.jpg,4059.jpg
000425491.jpg,4060.jpg
000425493.jpg,4061.jpg
000425495.jpg,4062.jpg
000425496.jpg,4063.jpg
000425497.jpg,4064.jpg
000425498.jpg,4065.jpg
000425500.jpg,4066.jpg
000425502.jpg,4067.jpg
000425503.jpg,4068.jpg
000425505.jpg,4069.jpg
000425507.jpg,4070.jpg
000425509.jpg,4071.jpg
000425510.jpg,4072.jpg
000425511.jpg,4073.jpg
000425512.jpg,4074.jpg
000425513.jpg,4075.jpg
000425514.jpg,4076.jpg
000425516.jpg,4077.jpg
000425517.jpg,4078.jpg
000425518.jpg,4079.jpg
000425522.jpg,4080.jpg
000425523.jpg,4081.jpg
000425524.jpg,4082.jpg
000425525.jpg,4083.jpg
000425526.jpg,4084.jpg
000425527.jpg,4085.jpg
000425528.jpg,4086.jpg
000425529.jpg,4087.jpg
000425532.jpg,4088.jpg
000425533.jpg,4089.jpg
000425536.jpg,4090.jpg
000425537.jpg,4091.jpg
000425538.jpg,4092.jpg
000425539.jpg,4093.jpg
000425540.jpg,4094.jpg
000425541.jpg,4095.jpg
000425542.jpg,4096.jpg
000425543.jpg,4097.jpg
000425547.jpg,4098.jpg
000425548.jpg,4099.jpg
000425551.jpg,4100.jpg
000425552.jpg,4101.jpg
000425553.jpg,4102.jpg
000425554.jpg,4103.jpg
000425555.jpg,4104.jpg
000425556.jpg,4105.jpg
000425558.jpg,4106.jpg
000425559.jpg,4107.jpg
000425560.jpg,4108.jpg
000425562.jpg,4109.jpg
000425564.jpg,4110.jpg
000425565.jpg,4111.jpg
000425566.jpg,4112.jpg
000425567.jpg,4113.jpg
000425568.jpg,4114.jpg
000425570.jpg,4115.jpg
000425573.jpg,4116.jpg
000425574.jpg,4117.jpg
000425575.jpg,4118.jpg
000425577.jpg,4119.jpg
000425578.jpg,4120.jpg
000425579.jpg,4121.jpg
000425580.jpg,4122.jpg
000425583.jpg,4123.jpg
000425584.jpg,4124.jpg
000425585.jpg,4125.jpg
000425586.jpg,4126.jpg
000425587.jpg,4127.jpg
000425588.jpg,4128.jpg
000425589.jpg,4129.jpg
000425591.jpg,4130.jpg
000425592.jpg,4131.jpg
000425593.jpg,4132.jpg
000425594.jpg,4133.jpg
000425595.jpg,4134.jpg
000425597.jpg,4135.jpg
000425599.jpg,4136.jpg
000425600.jpg,4137.jpg
000425601.jpg,4138.jpg
000425603.jpg,4139.jpg
000425604.jpg,4140.jpg
000425605.jpg,4141.jpg
000425606.jpg,4142.jpg
000425607.jpg,4143.jpg
000425609.jpg,4144.jpg
000425611.jpg,4145.jpg
000425612.jpg,4146.jpg
000425615.jpg,4147.jpg
000425618.jpg,4148.jpg
000425619.jpg,4149.jpg
000425620.jpg,4150.jpg
000425621.jpg,4151.jpg
000425623.jpg,4152.jpg
000425624.jpg,4153.jpg
000425626.jpg,4154.jpg
000425627.jpg,4155.jpg
000425628.jpg,4156.jpg
000425630.jpg,4157.jpg
000425631.jpg,4158.jpg
000425632.jpg,4159.jpg
000425633.jpg,4160.jpg
000425635.jpg,4161.jpg
000425636.jpg,4162.jpg
000425638.jpg,4163.jpg
000425639.jpg,4164.jpg
000425640.jpg,4165.jpg
000425643.jpg,4166.jpg
000425644.jpg,4167.jpg
000425645.jpg,4168.jpg
000425646.jpg,4169.jpg
000425647.jpg,4170.jpg
000425648.jpg,4171.jpg
000425651.jpg,4172.jpg
000425652.jpg,4173.jpg
000425653.jpg,4174.jpg
000425655.jpg,4175.jpg
000425656.jpg,4176.jpg
000425659.jpg,4177.jpg
000425660.jpg,4178.jpg
000425661.jpg,4179.jpg
000425662.jpg,4180.jpg
000425663.jpg,4181.jpg
000425664.jpg,4182.jpg
000425669.jpg,4183.jpg
000425670.jpg,4184.jpg
000425672.jpg,4185.jpg
000425675.jpg,4186.jpg
000425676.jpg,4187.jpg
000425677.jpg,4188.jpg
000425678.jpg,4189.jpg
000425679.jpg,4190.jpg
000425680.jpg,4191.jpg
000425681.jpg,4192.jpg
000425684.jpg,4193.jpg
000425685.jpg,4194.jpg
000425686.jpg,4195.jpg
000425689.jpg,4196.jpg
000425690.jpg,4197.jpg
000425692.jpg,4198.jpg
000425693.jpg,4199.jpg
000425694.jpg,4200.jpg
000425695.jpg,4201.jpg
000425697.jpg,4202.jpg
000425699.jpg,4203.jpg
000425701.jpg,4204.jpg
000425702.jpg,4205.jpg
000425705.jpg,4206.jpg
000425706.jpg,4207.jpg
000425707.jpg,4208.jpg
000425711.jpg,4209.jpg
000425712.jpg,4210.jpg
000425713.jpg,4211.jpg
000425716.jpg,4212.jpg
000425717.jpg,4213.jpg
000425719.jpg,4214.jpg
000425720.jpg,4215.jpg
000425722.jpg,4216.jpg
000425723.jpg,4217.jpg
000425724.jpg,4218.jpg
000425726.jpg,4219.jpg
000425728.jpg,4220.jpg
000425730.jpg,4221.jpg
000425731.jpg,4222.jpg
000425732.jpg,4223.jpg
000425733.jpg,4224.jpg
000425735.jpg,4225.jpg
000425738.jpg,4226.jpg
000425739.jpg,4227.jpg
000425740.jpg,4228.jpg
000425741.jpg,4229.jpg
000425742.jpg,4230.jpg
000425744.jpg,4231.jpg
000425745.jpg,4232.jpg
000425747.jpg,4233.jpg
000425750.jpg,4234.jpg
000425751.jpg,4235.jpg
000425752.jpg,4236.jpg
000425754.jpg,4237.jpg
000425756.jpg,4238.jpg
000425758.jpg,4239.jpg
000425760.jpg,4240.jpg
000425762.jpg,4241.jpg
000425763.jpg,4242.jpg
000425764.jpg,4243.jpg
000425766.jpg,4244.jpg
000425767.jpg,4245.jpg
000425768.jpg,4246.jpg
000425769.jpg,4247.jpg
000425770.jpg,4248.jpg
000425771.jpg,4249.jpg
000425772.jpg,4250.jpg
000425774.jpg,4251.jpg
000425776.jpg,4252.jpg
000425777.jpg,4253.jpg
000425781.jpg,4254.jpg
000425782.jpg,4255.jpg
000425784.jpg,4256.jpg
000425786.jpg,4257.jpg
000425787.jpg,4258.jpg
000425788.jpg,4259.jpg
000425789.jpg,4260.jpg
000425790.jpg,4261.jpg
000425791.jpg,4262.jpg
000425795.jpg,4263.jpg
000425799.jpg,4264.jpg
000425800.jpg,4265.jpg
000425802.jpg,4266.jpg
000425803.jpg,4267.jpg
000425805.jpg,4268.jpg
000425806.jpg,4269.jpg
000425807.jpg,4270.jpg
000425809.jpg,4271.jpg
000425810.jpg,4272.jpg
000425811.jpg,4273.jpg
000425812.jpg,4274.jpg
000425813.jpg,4275.jpg
000425814.jpg,4276.jpg
